posx,posy,posz,tick,turn
9.0,0,9.0,1,0
9.0,0,9.0,1,0
9.0,0,9.0,1,0
9.0,0,9.0,1,0
9.0,0,9.0,1,0
8.0,0,9.0,1,1
7.0,0,9.0,1,2
6.0,0,9.0,1,3
6.0,0,8.0,1,4
7.0,0,8.0,1,5
8.0,0,8.0,1,6
9.0,0,8.0,1,7
9.0,0,7.0,1,8
9.0,0,7.0,1,8
9.0,0,7.0,1,8
9.0,0,7.0,1,8
9.0,0,7.0,1,8
9.0,0,7.0,1,8
8.0,0,7.0,1,9
7.0,0,7.0,1,10
6.0,0,7.0,1,11
6.0,0,6.0,1,12
7.0,0,6.0,1,13
8.0,0,6.0,1,14
9.0,0,6.0,1,15
9.0,0,5.0,1,16
8.0,0,5.0,1,17
7.0,0,5.0,1,18
6.0,0,5.0,1,19
6.0,0,4.0,1,20
7.0,0,4.0,1,21
8.0,0,4.0,1,22
9.0,0,4.0,1,23
9.0,0,3.0,1,24
9.0,0,2.0,1,25
9.0,0,1.0,1,26
10.0,0,1.0,1,27
11.0,0,1.0,1,28
12.0,0,1.0,1,29
12.0,0,2.0,1,30
12.0,0,3.0,1,31
12.0,0,4.0,1,32
12.0,0,5.0,1,33
12.0,0,6.0,1,34
12.0,0,7.0,1,35
12.0,0,8.0,1,36
12.0,0,9.0,1,37
12.0,0,9.0,1,37
12.0,0,9.0,1,37
12.0,0,9.0,1,37
12.0,0,9.0,1,37
12.0,0,9.0,1,37
12.0,0,9.0,1,37
11.0,0,9.0,1,38
11.0,0,10.0,1,39
11.0,0,11.0,1,40
12.0,0,11.0,1,41
13.0,0,11.0,1,42
14.0,0,11.0,1,43
14.0,0,11.0,1,44
14.0,0,11.0,1,45
14.0,0,11.0,1,45
14.0,0,11.0,1,45
14.0,0,11.0,1,45
14.0,0,11.0,1,45
14.0,0,11.0,1,45
14.0,0,11.0,1,46
14.0,0,12.0,1,47
13.0,0,12.0,1,48
12.0,0,12.0,1,49
11.0,0,12.0,1,50
11.0,0,11.0,1,51
11.0,0,10.0,1,52
11.0,0,9.0,1,53
11.0,0,8.0,1,54
11.0,0,7.0,1,55
11.0,0,6.0,1,56
11.0,0,5.0,1,57
11.0,0,4.0,1,58
11.0,0,3.0,1,59
11.0,0,2.0,1,60
11.0,0,1.0,1,61
10.0,0,1.0,1,62
9.0,0,1.0,1,63
8.0,0,1.0,1,64
7.0,0,1.0,1,65
7.0,0,2.0,1,66
7.0,0,3.0,1,67
7.0,0,4.0,1,68
7.0,0,5.0,1,69
7.0,0,6.0,1,70
7.0,0,7.0,1,71
7.0,0,8.0,1,72
7.0,0,9.0,1,73
7.0,0,10.0,1,74
6.0,0,10.0,1,75
6.0,0,11.0,1,76
7.0,0,11.0,1,77
8.0,0,11.0,1,78
8.0,0,12.0,1,79
8.0,0,12.0,1,79
8.0,0,12.0,1,79
8.0,0,13.0,1,80
8.0,0,14.0,1,81
8.0,0,14.0,1,82
8.0,0,14.0,1,83
8.0,0,14.0,1,84
8.0,0,15.0,1,85
8.0,0,16.0,1,86
9.0,0,16.0,1,87
9.0,0,15.0,1,88
9.0,0,14.0,1,89
9.0,0,13.0,1,90
9.0,0,12.0,1,91
9.0,0,11.0,1,92
9.0,0,10.0,1,93
9.0,0,9.0,1,94
9.0,0,8.0,1,95
9.0,0,7.0,1,96
9.0,0,6.0,1,97
9.0,0,5.0,1,98
9.0,0,4.0,1,99
9.0,0,3.0,1,100
9.0,0,2.0,1,101
9.0,0,1.0,1,102
10.0,0,1.0,1,103
11.0,0,1.0,1,104
11.0,0,2.0,1,105
12.0,0,2.0,1,106
13.0,0,2.0,1,107
13.0,0,3.0,1,108
13.0,0,4.0,1,109
13.0,0,5.0,1,110
13.0,0,6.0,1,111
13.0,0,7.0,1,112
13.0,0,8.0,1,113
13.0,0,9.0,1,114
13.0,0,10.0,1,115
13.0,0,11.0,1,116
13.0,0,12.0,1,117
13.0,0,13.0,1,118
14.0,0,13.0,1,119
14.0,0,14.0,1,120
13.0,0,14.0,1,121
13.0,0,15.0,1,122
12.0,0,15.0,1,123
13.0,0,15.0,1,124
14.0,0,15.0,1,125
14.0,0,16.0,1,126
14.0,0,17.0,1,127
14.0,0,17.0,1,128
14.0,0,18.0,1,129
15.0,0,18.0,1,130
15.0,0,18.0,1,130
15.0,0,18.0,1,130
16.0,0,18.0,1,131
17.0,0,18.0,1,132
17.0,0,17.0,1,133
17.0,0,16.0,1,134
18.0,0,16.0,1,135
18.0,0,15.0,1,136
18.0,0,14.0,1,137
18.0,0,13.0,1,138
18.0,0,12.0,1,139
18.0,0,11.0,1,140
18.0,0,10.0,1,141
18.0,0,9.0,1,142
18.0,0,9.0,1,142
18.0,0,9.0,1,142
17.0,0,9.0,1,143
17.0,0,8.0,1,144
17.0,0,7.0,1,145
17.0,0,6.0,1,146
18.0,0,6.0,1,147
18.0,0,5.0,1,148
17.0,0,5.0,1,149
17.0,0,4.0,1,150
16.0,0,4.0,1,151
16.0,0,5.0,1,152
16.0,0,6.0,1,153
16.0,0,7.0,1,154
16.0,0,8.0,1,155
16.0,0,9.0,1,156
16.0,0,10.0,1,157
16.0,0,11.0,1,158
16.0,0,12.0,1,159
16.0,0,13.0,1,160
16.0,0,14.0,1,161
16.0,0,15.0,1,162
16.0,0,16.0,1,163
16.0,0,17.0,1,164
16.0,0,18.0,1,165
15.0,0,18.0,1,166
14.0,0,18.0,1,167
13.0,0,18.0,1,168
12.0,0,18.0,1,169
11.0,0,18.0,1,170
11.0,0,17.0,1,171
11.0,0,16.0,1,172
11.0,0,15.0,1,173
11.0,0,14.0,1,174
11.0,0,13.0,1,175
11.0,0,12.0,1,176
11.0,0,11.0,1,177
11.0,0,10.0,1,178
11.0,0,9.0,1,179
11.0,0,8.0,1,180
11.0,0,7.0,1,181
11.0,0,6.0,1,182
11.0,0,5.0,1,183
11.0,0,4.0,1,184
11.0,0,3.0,1,185
11.0,0,2.0,1,186
11.0,0,1.0,1,187
10.0,0,1.0,1,188
9.0,0,1.0,1,189
8.0,0,1.0,1,190
7.0,0,1.0,1,191
6.0,0,1.0,1,192
6.0,0,2.0,1,193
6.0,0,3.0,1,194
6.0,0,4.0,1,195
6.0,0,5.0,1,196
6.0,0,6.0,1,197
6.0,0,7.0,1,198
6.0,0,8.0,1,199
6.0,0,9.0,1,200
6.0,0,10.0,1,201
6.0,0,10.0,1,202
6.0,0,10.0,1,203
6.0,0,10.0,1,204
6.0,0,10.0,1,205
6.0,0,11.0,1,206
6.0,0,12.0,1,207
6.0,0,13.0,1,208
6.0,0,14.0,1,209
6.0,0,15.0,1,210
6.0,0,16.0,1,211
6.0,0,17.0,1,212
6.0,0,18.0,1,213
5.0,0,18.0,1,214
4.0,0,18.0,1,215
4.0,0,17.0,1,216
4.0,0,16.0,1,217
4.0,0,15.0,1,218
4.0,0,15.0,1,218
4.0,0,15.0,1,218
3.0,0,15.0,1,219
3.0,0,14.0,1,220
3.0,0,13.0,1,221
3.0,0,12.0,1,222
3.0,0,11.0,1,223
3.0,0,10.0,1,224
3.0,0,9.0,1,225
2.0,0,9.0,1,226
2.0,0,9.0,1,226
2.0,0,9.0,1,226
2.0,0,9.0,1,226
2.0,0,9.0,1,226
2.0,0,9.0,1,226
2.0,0,9.0,1,226
2.0,0,9.0,1,226
1.0,0,9.0,1,227
1.0,0,8.0,1,228
1.0,0,7.0,1,229
1.0,0,6.0,1,230
1.0,0,5.0,1,231
1.0,0,4.0,1,232
1.0,0,3.0,1,233
1.0,0,3.0,1,233
1.0,0,3.0,1,233
1.0,0,3.0,1,233
1.0,0,3.0,1,233
1.0,0,3.0,1,233
1.0,0,3.0,1,233
1.0,0,3.0,1,234
1.0,0,3.0,1,234
2.0,0,3.0,1,235
2.0,0,3.0,1,235
2.0,0,3.0,1,235
2.0,0,3.0,1,235
2.0,0,3.0,1,235
2.0,0,3.0,1,235
2.0,0,3.0,1,235
2.0,0,3.0,1,235
2.0,0,3.0,1,235
2.0,0,3.0,1,235
3.0,0,3.0,1,236
4.0,0,3.0,1,237
4.0,0,4.0,1,238
4.0,0,5.0,1,239
4.0,0,6.0,1,240
4.0,0,7.0,1,241
4.0,0,8.0,1,242
4.0,0,9.0,1,243
4.0,0,10.0,1,244
4.0,0,11.0,1,245
4.0,0,12.0,1,246
4.0,0,13.0,1,247
4.0,0,14.0,1,248
4.0,0,15.0,1,249
4.0,0,16.0,1,250
4.0,0,17.0,1,251
4.0,0,18.0,1,252
5.0,0,18.0,1,253
6.0,0,18.0,1,254
7.0,0,18.0,1,255
8.0,0,18.0,1,256
9.0,0,18.0,1,257
9.0,0,17.0,1,258
9.0,0,16.0,1,259
9.0,0,15.0,1,260
9.0,0,14.0,1,261
9.0,0,13.0,1,262
9.0,0,12.0,1,263
9.0,0,11.0,1,264
9.0,0,10.0,1,265
9.0,0,9.0,1,266
9.0,0,8.0,1,267
9.0,0,7.0,1,268
9.0,0,6.0,1,269
9.0,0,5.0,1,270
9.0,0,4.0,1,271
9.0,0,3.0,1,272
9.0,0,2.0,1,273
9.0,0,2.0,1,274
9.0,0,2.0,1,275
9.0,0,2.0,1,276
9.0,0,1.0,1,277
10.0,0,1.0,1,278
11.0,0,1.0,1,279
12.0,0,1.0,1,280
13.0,0,1.0,1,281
14.0,0,1.0,1,282
14.0,0,2.0,1,283
14.0,0,3.0,1,284
14.0,0,4.0,1,285
14.0,0,4.0,1,286
14.0,0,4.0,1,287
14.0,0,4.0,1,288
14.0,0,5.0,1,289
14.0,0,6.0,1,290
14.0,0,7.0,1,291
14.0,0,8.0,1,292
14.0,0,9.0,1,293
14.0,0,10.0,1,294
14.0,0,11.0,1,295
14.0,0,12.0,1,296
14.0,0,13.0,1,297
14.0,0,14.0,1,298
14.0,0,15.0,1,299
14.0,0,16.0,1,300
14.0,0,17.0,1,301
14.0,0,18.0,1,302
15.0,0,18.0,1,303
16.0,0,18.0,1,304
16.0,0,17.0,1,305
16.0,0,16.0,1,306
16.0,0,15.0,1,307
17.0,0,15.0,1,308
18.0,0,15.0,1,309
18.0,0,14.0,1,310
18.0,0,13.0,1,311
18.0,0,12.0,1,312
18.0,0,11.0,1,313
18.0,0,10.0,1,314
18.0,0,9.0,1,315
18.0,0,8.0,1,316
18.0,0,7.0,1,317
18.0,0,6.0,1,318
18.0,0,5.0,1,319
18.0,0,4.0,1,320
18.0,0,3.0,1,321
18.0,0,3.0,1,322
18.0,0,3.0,1,323
18.0,0,3.0,1,324
18.0,0,2.0,1,325
18.0,0,2.0,1,326
18.0,0,2.0,1,326
18.0,0,2.0,1,326
18.0,0,2.0,1,326
18.0,0,2.0,1,326
18.0,0,2.0,1,327
18.0,0,3.0,1,328
17.0,0,3.0,1,329
16.0,0,3.0,1,330
16.0,0,4.0,1,331
16.0,0,5.0,1,332
16.0,0,6.0,1,333
16.0,0,7.0,1,334
16.0,0,8.0,1,335
16.0,0,9.0,1,336
16.0,0,10.0,1,337
16.0,0,11.0,1,338
16.0,0,12.0,1,339
16.0,0,13.0,1,340
16.0,0,14.0,1,341
16.0,0,15.0,1,342
16.0,0,16.0,1,343
16.0,0,17.0,1,344
16.0,0,18.0,1,345
15.0,0,18.0,1,346
14.0,0,18.0,1,347
13.0,0,18.0,1,348
12.0,0,18.0,1,349
12.0,0,17.0,1,350
12.0,0,16.0,1,351
12.0,0,15.0,1,352
12.0,0,14.0,1,353
12.0,0,13.0,1,354
12.0,0,12.0,1,355
12.0,0,11.0,1,356
12.0,0,10.0,1,357
12.0,0,10.0,1,357
12.0,0,10.0,1,357
13.0,0,10.0,1,358
14.0,0,10.0,1,359
14.0,0,11.0,1,360
14.0,0,12.0,1,361
14.0,0,13.0,1,362
14.0,0,14.0,1,363
14.0,0,15.0,1,364
14.0,0,16.0,1,365
14.0,0,17.0,1,366
14.0,0,18.0,1,367
15.0,0,18.0,1,368
16.0,0,18.0,1,369
16.0,0,17.0,1,370
16.0,0,16.0,1,371
16.0,0,15.0,1,372
17.0,0,15.0,1,373
18.0,0,15.0,1,374
18.0,0,14.0,1,375
18.0,0,13.0,1,376
18.0,0,12.0,1,377
18.0,0,11.0,1,378
18.0,0,10.0,1,379
18.0,0,9.0,1,380
18.0,0,8.0,1,381
18.0,0,7.0,1,382
18.0,0,6.0,1,383
18.0,0,5.0,1,384
18.0,0,4.0,1,385
18.0,0,3.0,1,386
18.0,0,2.0,1,387
18.0,0,2.0,1,388
18.0,0,2.0,1,388
18.0,0,2.0,1,388
18.0,0,2.0,1,388
18.0,0,2.0,1,388
18.0,0,3.0,1,389
17.0,0,3.0,1,390
16.0,0,3.0,1,391
16.0,0,4.0,1,392
16.0,0,5.0,1,393
16.0,0,6.0,1,394
16.0,0,7.0,1,395
16.0,0,8.0,1,396
16.0,0,9.0,1,397
16.0,0,10.0,1,398
16.0,0,11.0,1,399
16.0,0,12.0,1,400
16.0,0,13.0,1,401
16.0,0,14.0,1,402
16.0,0,15.0,1,403
16.0,0,16.0,1,404
16.0,0,17.0,1,405
16.0,0,18.0,1,406
15.0,0,18.0,1,407
14.0,0,18.0,1,408
13.0,0,18.0,1,409
12.0,0,18.0,1,410
11.0,0,18.0,1,411
11.0,0,17.0,1,412
11.0,0,16.0,1,413
11.0,0,15.0,1,414
11.0,0,14.0,1,415
11.0,0,13.0,1,416
11.0,0,12.0,1,417
11.0,0,11.0,1,418
11.0,0,10.0,1,419
11.0,0,9.0,1,420
11.0,0,8.0,1,421
11.0,0,7.0,1,422
11.0,0,6.0,1,423
11.0,0,5.0,1,424
11.0,0,4.0,1,425
11.0,0,3.0,1,426
11.0,0,2.0,1,427
11.0,0,1.0,1,428
10.0,0,1.0,1,429
9.0,0,1.0,1,430
8.0,0,1.0,1,431
7.0,0,1.0,1,432
6.0,0,1.0,1,433
6.0,0,2.0,1,434
6.0,0,3.0,1,435
6.0,0,4.0,1,436
6.0,0,5.0,1,437
6.0,0,6.0,1,438
6.0,0,7.0,1,439
6.0,0,8.0,1,440
6.0,0,9.0,1,441
6.0,0,10.0,1,442
6.0,0,11.0,1,443
6.0,0,12.0,1,444
6.0,0,13.0,1,445
6.0,0,14.0,1,446
6.0,0,15.0,1,447
6.0,0,16.0,1,448
6.0,0,17.0,1,449
6.0,0,18.0,1,450
5.0,0,18.0,1,451
4.0,0,18.0,1,452
4.0,0,17.0,1,453
3.0,0,17.0,1,454
3.0,0,16.0,1,455
3.0,0,15.0,1,456
3.0,0,14.0,1,457
3.0,0,13.0,1,458
3.0,0,12.0,1,459
3.0,0,11.0,1,460
3.0,0,10.0,1,461
3.0,0,9.0,1,462
2.0,0,9.0,1,463
2.0,0,8.0,1,464
2.0,0,8.0,1,464
2.0,0,8.0,1,464
3.0,0,8.0,1,465
4.0,0,8.0,1,466
4.0,0,9.0,1,467
4.0,0,10.0,1,468
4.0,0,11.0,1,469
4.0,0,12.0,1,470
4.0,0,13.0,1,471
4.0,0,14.0,1,472
4.0,0,15.0,1,473
4.0,0,16.0,1,474
4.0,0,17.0,1,475
4.0,0,18.0,1,476
5.0,0,18.0,1,477
6.0,0,18.0,1,478
7.0,0,18.0,1,479
8.0,0,18.0,1,480
9.0,0,18.0,1,481
9.0,0,17.0,1,482
9.0,0,16.0,1,483
9.0,0,15.0,1,484
9.0,0,14.0,1,485
9.0,0,13.0,1,486
9.0,0,12.0,1,487
9.0,0,11.0,1,488
9.0,0,10.0,1,489
9.0,0,9.0,1,490
9.0,0,8.0,1,491
9.0,0,7.0,1,492
9.0,0,6.0,1,493
9.0,0,5.0,1,494
9.0,0,4.0,1,495
9.0,0,3.0,1,496
9.0,0,2.0,1,497
9.0,0,1.0,1,498
10.0,0,1.0,1,499
11.0,0,1.0,1,500
12.0,0,1.0,1,501
13.0,0,1.0,1,502
14.0,0,1.0,1,503
14.0,0,2.0,1,504
14.0,0,3.0,1,505
14.0,0,4.0,1,506
14.0,0,5.0,1,507
14.0,0,6.0,1,508
14.0,0,7.0,1,509
14.0,0,8.0,1,510
14.0,0,9.0,1,511
14.0,0,10.0,1,512
14.0,0,11.0,1,513
14.0,0,12.0,1,514
14.0,0,13.0,1,515
14.0,0,14.0,1,516
14.0,0,15.0,1,517
14.0,0,16.0,1,518
14.0,0,17.0,1,519
14.0,0,18.0,1,520
15.0,0,18.0,1,521
16.0,0,18.0,1,522
16.0,0,17.0,1,523
16.0,0,16.0,1,524
16.0,0,15.0,1,525
17.0,0,15.0,1,526
18.0,0,15.0,1,527
18.0,0,14.0,1,528
18.0,0,13.0,1,529
18.0,0,12.0,1,530
18.0,0,11.0,1,531
18.0,0,10.0,1,532
18.0,0,9.0,1,533
18.0,0,8.0,1,534
18.0,0,7.0,1,535
18.0,0,6.0,1,536
18.0,0,5.0,1,537
18.0,0,4.0,1,538
18.0,0,3.0,1,539
18.0,0,2.0,1,540
18.0,0,2.0,1,541
18.0,0,2.0,1,541
18.0,0,2.0,1,541
18.0,0,2.0,1,541
18.0,0,2.0,1,541
18.0,0,3.0,1,542
17.0,0,3.0,1,543
16.0,0,3.0,1,544
16.0,0,4.0,1,545
16.0,0,5.0,1,546
16.0,0,6.0,1,547
16.0,0,7.0,1,548
16.0,0,8.0,1,549
16.0,0,9.0,1,550
16.0,0,10.0,1,551
16.0,0,11.0,1,552
16.0,0,12.0,1,553
16.0,0,13.0,1,554
16.0,0,14.0,1,555
16.0,0,15.0,1,556
16.0,0,16.0,1,557
16.0,0,17.0,1,558
16.0,0,18.0,1,559
15.0,0,18.0,1,560
14.0,0,18.0,1,561
13.0,0,18.0,1,562
12.0,0,18.0,1,563
11.0,0,18.0,1,564
11.0,0,17.0,1,565
11.0,0,16.0,1,566
11.0,0,15.0,1,567
11.0,0,14.0,1,568
11.0,0,13.0,1,569
11.0,0,12.0,1,570
11.0,0,11.0,1,571
11.0,0,10.0,1,572
11.0,0,9.0,1,573
11.0,0,8.0,1,574
11.0,0,7.0,1,575
11.0,0,6.0,1,576
11.0,0,5.0,1,577
11.0,0,4.0,1,578
11.0,0,3.0,1,579
11.0,0,2.0,1,580
11.0,0,1.0,1,581
10.0,0,1.0,1,582
9.0,0,1.0,1,583
8.0,0,1.0,1,584
7.0,0,1.0,1,585
6.0,0,1.0,1,586
6.0,0,2.0,1,587
6.0,0,3.0,1,588
6.0,0,4.0,1,589
6.0,0,5.0,1,590
6.0,0,6.0,1,591
6.0,0,7.0,1,592
6.0,0,8.0,1,593
6.0,0,9.0,1,594
6.0,0,10.0,1,595
6.0,0,11.0,1,596
6.0,0,12.0,1,597
6.0,0,13.0,1,598
6.0,0,14.0,1,599
6.0,0,15.0,1,600
6.0,0,16.0,1,601
6.0,0,17.0,1,602
6.0,0,18.0,1,603
5.0,0,18.0,1,604
4.0,0,18.0,1,605
3.0,0,18.0,1,606
2.0,0,18.0,1,607
2.0,0,17.0,1,608
2.0,0,16.0,1,609
2.0,0,15.0,1,610
2.0,0,14.0,1,611
2.0,0,13.0,1,612
2.0,0,12.0,1,613
2.0,0,12.0,1,613
2.0,0,12.0,1,613
3.0,0,12.0,1,614
4.0,0,12.0,1,615
4.0,0,13.0,1,616
4.0,0,14.0,1,617
4.0,0,15.0,1,618
4.0,0,16.0,1,619
4.0,0,17.0,1,620
4.0,0,18.0,1,621
5.0,0,18.0,1,622
6.0,0,18.0,1,623
7.0,0,18.0,1,624
8.0,0,18.0,1,625
9.0,0,18.0,1,626
9.0,0,17.0,1,627
9.0,0,16.0,1,628
9.0,0,15.0,1,629
9.0,0,14.0,1,630
9.0,0,13.0,1,631
9.0,0,12.0,1,632
9.0,0,11.0,1,633
9.0,0,10.0,1,634
9.0,0,9.0,1,635
9.0,0,8.0,1,636
9.0,0,7.0,1,637
9.0,0,6.0,1,638
9.0,0,5.0,1,639
9.0,0,4.0,1,640
9.0,0,3.0,1,641
9.0,0,2.0,1,642
9.0,0,1.0,1,643
10.0,0,1.0,1,644
11.0,0,1.0,1,645
12.0,0,1.0,1,646
13.0,0,1.0,1,647
14.0,0,1.0,1,648
14.0,0,2.0,1,649
14.0,0,3.0,1,650
14.0,0,4.0,1,651
14.0,0,5.0,1,652
14.0,0,6.0,1,653
14.0,0,7.0,1,654
14.0,0,8.0,1,655
14.0,0,9.0,1,656
14.0,0,10.0,1,657
14.0,0,11.0,1,658
14.0,0,12.0,1,659
14.0,0,13.0,1,660
14.0,0,14.0,1,661
14.0,0,15.0,1,662
14.0,0,16.0,1,663
14.0,0,17.0,1,664
14.0,0,18.0,1,665
15.0,0,18.0,1,666
16.0,0,18.0,1,667
16.0,0,17.0,1,668
16.0,0,16.0,1,669
16.0,0,15.0,1,670
17.0,0,15.0,1,671
18.0,0,15.0,1,672
18.0,0,14.0,1,673
18.0,0,13.0,1,674
18.0,0,12.0,1,675
18.0,0,11.0,1,676
18.0,0,10.0,1,677
18.0,0,9.0,1,678
18.0,0,8.0,1,679
18.0,0,7.0,1,680
18.0,0,6.0,1,681
18.0,0,5.0,1,682
18.0,0,4.0,1,683
18.0,0,3.0,1,684
18.0,0,2.0,1,685
18.0,0,2.0,1,686
18.0,0,2.0,1,686
18.0,0,2.0,1,686
18.0,0,2.0,1,686
18.0,0,2.0,1,686
18.0,0,2.0,1,686
1.0,1,2.0,1,687
1.0,1,2.0,1,687
1.0,1,2.0,1,687
1.0,1,2.0,1,687
1.0,1,2.0,1,687
1.0,1,2.0,1,687
1.0,1,2.0,1,687
1.0,1,2.0,1,687
1.0,1,2.0,1,687
1.0,1,2.0,1,687
1.0,1,2.0,1,687
2.0,1,2.0,1,688
3.0,1,2.0,1,689
4.0,1,2.0,1,690
4.0,1,3.0,1,691
3.0,1,3.0,1,692
2.0,1,3.0,1,693
1.0,1,3.0,1,694
1.0,1,4.0,1,695
1.0,1,4.0,1,695
1.0,1,4.0,1,695
1.0,1,4.0,1,695
1.0,1,4.0,1,695
1.0,1,4.0,1,695
2.0,1,4.0,1,696
3.0,1,4.0,1,697
3.0,1,5.0,1,698
3.0,1,6.0,1,699
3.0,1,6.0,1,699
3.0,1,7.0,1,700
3.0,1,7.0,1,700
3.0,1,7.0,1,700
3.0,1,7.0,1,700
3.0,1,7.0,1,701
3.0,1,7.0,1,701
3.0,1,7.0,1,701
3.0,1,7.0,1,701
3.0,1,7.0,1,701
3.0,1,7.0,1,701
2.0,1,7.0,1,702
1.0,1,7.0,1,703
1.0,1,8.0,1,704
2.0,1,8.0,1,705
3.0,1,8.0,1,706
4.0,1,8.0,1,707
4.0,1,9.0,1,708
3.0,1,9.0,1,709
3.0,1,9.0,1,709
3.0,1,9.0,1,709
3.0,1,9.0,1,709
3.0,1,9.0,1,709
3.0,1,9.0,1,709
3.0,1,10.0,1,710
3.0,1,11.0,1,711
3.0,1,12.0,1,712
3.0,1,12.0,1,712
3.0,1,13.0,1,713
3.0,1,13.0,1,713
3.0,1,13.0,1,713
3.0,1,13.0,1,713
3.0,1,13.0,1,714
3.0,1,13.0,1,714
3.0,1,13.0,1,714
3.0,1,13.0,1,714
3.0,1,13.0,1,714
3.0,1,13.0,1,714
2.0,1,13.0,1,715
1.0,1,13.0,1,716
1.0,1,14.0,1,717
2.0,1,14.0,1,718
3.0,1,14.0,1,719
4.0,1,14.0,1,720
4.0,1,15.0,1,721
4.0,1,16.0,1,722
4.0,1,16.0,1,722
4.0,1,16.0,1,722
4.0,1,16.0,1,722
4.0,1,16.0,1,722
4.0,1,16.0,1,722
4.0,1,17.0,1,723
4.0,1,18.0,1,724
5.0,1,18.0,1,725
6.0,1,18.0,1,726
7.0,1,18.0,1,727
7.0,1,17.0,1,728
7.0,1,16.0,1,729
7.0,1,16.0,1,730
7.0,1,16.0,1,731
7.0,1,16.0,1,732
7.0,1,15.0,1,733
7.0,1,14.0,1,734
7.0,1,13.0,1,735
7.0,1,12.0,1,736
7.0,1,11.0,1,737
7.0,1,10.0,1,738
7.0,1,9.0,1,739
7.0,1,8.0,1,740
7.0,1,7.0,1,741
7.0,1,6.0,1,742
7.0,1,5.0,1,743
7.0,1,4.0,1,744
7.0,1,3.0,1,745
7.0,1,3.0,1,745
7.0,1,3.0,1,745
7.0,1,3.0,1,745
7.0,1,3.0,1,745
7.0,1,3.0,1,745
7.0,1,3.0,1,745
7.0,1,3.0,1,745
8.0,1,3.0,1,746
9.0,1,3.0,1,747
9.0,1,2.0,1,748
9.0,1,1.0,1,749
10.0,1,1.0,1,750
11.0,1,1.0,1,751
12.0,1,1.0,1,752
13.0,1,1.0,1,753
13.0,1,1.0,1,753
13.0,1,1.0,1,753
13.0,1,1.0,1,753
13.0,1,1.0,1,753
13.0,1,1.0,1,753
13.0,1,1.0,1,753
13.0,1,1.0,1,753
13.0,1,1.0,1,753
13.0,1,1.0,1,753
13.0,1,1.0,1,753
12.0,1,1.0,1,754
12.0,1,2.0,1,755
12.0,1,2.0,1,755
12.0,1,2.0,1,755
12.0,1,2.0,1,755
12.0,1,2.0,1,755
12.0,1,2.0,1,755
12.0,1,2.0,1,755
12.0,1,2.0,1,755
13.0,1,2.0,1,756
14.0,1,2.0,1,757
14.0,1,3.0,1,758
13.0,1,3.0,1,759
13.0,1,4.0,1,760
12.0,1,4.0,1,761
13.0,1,4.0,1,762
14.0,1,4.0,1,763
14.0,1,4.0,1,763
14.0,1,4.0,1,763
14.0,1,4.0,1,763
14.0,1,4.0,1,763
14.0,1,4.0,1,763
14.0,1,4.0,1,763
14.0,1,4.0,1,763
14.0,1,4.0,1,763
14.0,1,4.0,1,763
14.0,1,4.0,1,763
13.0,1,4.0,1,764
12.0,1,4.0,1,765
11.0,1,4.0,1,766
11.0,1,3.0,1,767
11.0,1,2.0,1,768
11.0,1,1.0,1,769
10.0,1,1.0,1,770
9.0,1,1.0,1,771
8.0,1,1.0,1,772
8.0,1,2.0,1,773
8.0,1,3.0,1,774
8.0,1,4.0,1,775
8.0,1,4.0,1,775
8.0,1,4.0,1,775
8.0,1,4.0,1,775
8.0,1,4.0,1,775
8.0,1,4.0,1,775
8.0,1,4.0,1,775
8.0,1,4.0,1,775
9.0,1,4.0,1,776
9.0,1,3.0,1,777
9.0,1,2.0,1,778
9.0,1,1.0,1,779
10.0,1,1.0,1,780
11.0,1,1.0,1,781
11.0,1,2.0,1,782
11.0,1,3.0,1,783
11.0,1,3.0,1,783
11.0,1,3.0,1,783
11.0,1,3.0,1,783
11.0,1,3.0,1,783
11.0,1,3.0,1,783
11.0,1,3.0,1,783
11.0,1,3.0,1,783
11.0,1,3.0,1,783
11.0,1,3.0,1,783
11.0,1,3.0,1,783
11.0,1,3.0,1,783
11.0,1,3.0,1,783
11.0,1,4.0,1,784
12.0,1,4.0,1,785
12.0,1,5.0,1,786
13.0,1,5.0,1,787
13.0,1,5.0,1,787
13.0,1,5.0,1,787
13.0,1,6.0,1,788
13.0,1,7.0,1,789
13.0,1,8.0,1,790
13.0,1,9.0,1,791
13.0,1,10.0,1,792
13.0,1,11.0,1,793
12.0,1,11.0,1,794
13.0,1,11.0,1,795
14.0,1,11.0,1,796
14.0,1,12.0,1,797
14.0,1,13.0,1,798
14.0,1,13.0,1,798
14.0,1,13.0,1,798
13.0,1,13.0,1,799
13.0,1,14.0,1,800
13.0,1,15.0,1,801
13.0,1,16.0,1,802
13.0,1,16.0,1,803
14.0,1,16.0,1,804
14.0,1,17.0,1,805
14.0,1,18.0,1,806
15.0,1,18.0,1,807
16.0,1,18.0,1,808
17.0,1,18.0,1,809
18.0,1,18.0,1,810
18.0,1,17.0,1,811
18.0,1,16.0,1,812
18.0,1,15.0,1,813
18.0,1,14.0,1,814
18.0,1,13.0,1,815
18.0,1,12.0,1,816
18.0,1,11.0,1,817
18.0,1,10.0,1,818
18.0,1,9.0,1,819
18.0,1,8.0,1,820
18.0,1,7.0,1,821
18.0,1,6.0,1,822
18.0,1,5.0,1,823
18.0,1,5.0,1,823
18.0,1,5.0,1,823
18.0,1,5.0,1,823
18.0,1,5.0,1,823
18.0,1,5.0,1,823
18.0,1,5.0,1,823
18.0,1,5.0,1,823
18.0,1,5.0,1,823
18.0,1,5.0,1,824
18.0,1,4.0,1,825
18.0,1,3.0,1,826
18.0,1,2.0,1,827
18.0,1,2.0,1,828
18.0,1,2.0,1,828
18.0,1,2.0,1,828
18.0,1,2.0,1,828
18.0,1,2.0,1,828
17.0,1,2.0,1,829
16.0,1,2.0,1,830
16.0,1,3.0,1,831
16.0,1,4.0,1,832
16.0,1,5.0,1,833
16.0,1,6.0,1,834
16.0,1,7.0,1,835
16.0,1,8.0,1,836
16.0,1,9.0,1,837
16.0,1,10.0,1,838
16.0,1,11.0,1,839
16.0,1,12.0,1,840
16.0,1,13.0,1,841
16.0,1,14.0,1,842
16.0,1,15.0,1,843
16.0,1,16.0,1,844
16.0,1,17.0,1,845
16.0,1,18.0,1,846
15.0,1,18.0,1,847
14.0,1,18.0,1,848
14.0,1,17.0,1,849
14.0,1,16.0,1,850
14.0,1,15.0,1,851
14.0,1,14.0,1,852
14.0,1,13.0,1,853
14.0,1,12.0,1,854
14.0,1,11.0,1,855
13.0,1,11.0,1,856
13.0,1,10.0,1,857
13.0,1,9.0,1,858
12.0,1,9.0,1,859
12.0,1,8.0,1,860
12.0,1,7.0,1,861
12.0,1,6.0,1,862
12.0,1,5.0,1,863
12.0,1,4.0,1,864
12.0,1,3.0,1,865
12.0,1,3.0,1,865
12.0,1,3.0,1,865
13.0,1,3.0,1,866
14.0,1,3.0,1,867
14.0,1,4.0,1,868
14.0,1,5.0,1,869
14.0,1,6.0,1,870
14.0,1,7.0,1,871
14.0,1,8.0,1,872
14.0,1,9.0,1,873
14.0,1,10.0,1,874
14.0,1,11.0,1,875
14.0,1,12.0,1,876
14.0,1,13.0,1,877
14.0,1,13.0,1,878
14.0,1,13.0,1,879
14.0,1,13.0,1,880
14.0,1,14.0,1,881
14.0,1,15.0,1,882
14.0,1,16.0,1,883
14.0,1,17.0,1,884
14.0,1,18.0,1,885
15.0,1,18.0,1,886
16.0,1,18.0,1,887
16.0,1,17.0,1,888
16.0,1,16.0,1,889
16.0,1,15.0,1,890
17.0,1,15.0,1,891
18.0,1,15.0,1,892
18.0,1,14.0,1,893
18.0,1,13.0,1,894
18.0,1,12.0,1,895
18.0,1,11.0,1,896
18.0,1,10.0,1,897
18.0,1,9.0,1,898
18.0,1,8.0,1,899
18.0,1,7.0,1,900
18.0,1,6.0,1,901
18.0,1,5.0,1,902
18.0,1,4.0,1,903
18.0,1,3.0,1,904
18.0,1,2.0,1,905
18.0,1,2.0,1,906
18.0,1,2.0,1,906
18.0,1,2.0,1,906
18.0,1,2.0,1,906
18.0,1,2.0,1,906
17.0,1,2.0,1,907
16.0,1,2.0,1,908
16.0,1,3.0,1,909
16.0,1,4.0,1,910
16.0,1,5.0,1,911
16.0,1,6.0,1,912
16.0,1,7.0,1,913
16.0,1,8.0,1,914
16.0,1,9.0,1,915
16.0,1,10.0,1,916
16.0,1,11.0,1,917
16.0,1,12.0,1,918
16.0,1,13.0,1,919
16.0,1,14.0,1,920
16.0,1,15.0,1,921
16.0,1,16.0,1,922
16.0,1,16.0,1,923
16.0,1,16.0,1,924
16.0,1,16.0,1,925
16.0,1,17.0,1,926
16.0,1,18.0,1,927
15.0,1,18.0,1,928
14.0,1,18.0,1,929
14.0,1,17.0,1,930
14.0,1,16.0,1,931
13.0,1,16.0,1,932
12.0,1,16.0,1,933
11.0,1,16.0,1,934
11.0,1,15.0,1,935
11.0,1,14.0,1,936
11.0,1,13.0,1,937
11.0,1,12.0,1,938
11.0,1,11.0,1,939
11.0,1,10.0,1,940
11.0,1,9.0,1,941
11.0,1,8.0,1,942
11.0,1,7.0,1,943
11.0,1,6.0,1,944
11.0,1,5.0,1,945
11.0,1,4.0,1,946
11.0,1,3.0,1,947
11.0,1,2.0,1,948
11.0,1,1.0,1,949
10.0,1,1.0,1,950
9.0,1,1.0,1,951
8.0,1,1.0,1,952
8.0,1,2.0,1,953
8.0,1,3.0,1,954
8.0,1,3.0,1,955
8.0,1,3.0,1,956
8.0,1,3.0,1,957
8.0,1,4.0,1,958
8.0,1,5.0,1,959
8.0,1,5.0,1,959
8.0,1,5.0,1,959
8.0,1,5.0,1,959
8.0,1,5.0,1,959
8.0,1,5.0,1,959
8.0,1,5.0,1,959
8.0,1,5.0,1,959
8.0,1,5.0,1,959
8.0,1,5.0,1,959
8.0,1,5.0,1,959
9.0,1,5.0,1,960
9.0,1,4.0,1,961
9.0,1,3.0,1,962
9.0,1,2.0,1,963
9.0,1,1.0,1,964
10.0,1,1.0,1,965
11.0,1,1.0,1,966
12.0,1,1.0,1,967
13.0,1,1.0,1,968
14.0,1,1.0,1,969
14.0,1,2.0,1,970
14.0,1,3.0,1,971
14.0,1,4.0,1,972
14.0,1,5.0,1,973
14.0,1,6.0,1,974
14.0,1,7.0,1,975
14.0,1,8.0,1,976
14.0,1,9.0,1,977
14.0,1,10.0,1,978
14.0,1,11.0,1,979
14.0,1,12.0,1,980
14.0,1,13.0,1,981
14.0,1,14.0,1,982
14.0,1,15.0,1,983
14.0,1,16.0,1,984
14.0,1,17.0,1,985
14.0,1,18.0,1,986
15.0,1,18.0,1,987
16.0,1,18.0,1,988
16.0,1,17.0,1,989
16.0,1,16.0,1,990
16.0,1,15.0,1,991
17.0,1,15.0,1,992
18.0,1,15.0,1,993
18.0,1,14.0,1,994
18.0,1,13.0,1,995
18.0,1,12.0,1,996
18.0,1,11.0,1,997
18.0,1,10.0,1,998
18.0,1,9.0,1,999
18.0,1,8.0,1,1000
18.0,1,7.0,1,1001
18.0,1,6.0,1,1002
18.0,1,5.0,1,1003
18.0,1,4.0,1,1004
18.0,1,3.0,1,1005
18.0,1,2.0,1,1006
18.0,1,2.0,1,1007
18.0,1,2.0,1,1007
18.0,1,2.0,1,1007
18.0,1,2.0,1,1007
18.0,1,2.0,1,1007
18.0,1,2.0,1,1007
18.0,1,2.0,1,1007
18.0,1,2.0,1,1007
18.0,1,2.0,1,1007
18.0,1,2.0,1,1007
18.0,1,2.0,1,1007
18.0,1,2.0,1,1007
18.0,1,2.0,1,1007
18.0,1,3.0,1,1008
17.0,1,3.0,1,1009
16.0,1,3.0,1,1010
16.0,1,4.0,1,1011
16.0,1,5.0,1,1012
16.0,1,6.0,1,1013
16.0,1,7.0,1,1014
16.0,1,8.0,1,1015
16.0,1,9.0,1,1016
16.0,1,10.0,1,1017
16.0,1,11.0,1,1018
16.0,1,12.0,1,1019
16.0,1,13.0,1,1020
16.0,1,14.0,1,1021
16.0,1,15.0,1,1022
16.0,1,16.0,1,1023
16.0,1,17.0,1,1024
16.0,1,18.0,1,1025
15.0,1,18.0,1,1026
14.0,1,18.0,1,1027
13.0,1,18.0,1,1028
12.0,1,18.0,1,1029
12.0,1,17.0,1,1030
12.0,1,16.0,1,1031
12.0,1,15.0,1,1032
12.0,1,14.0,1,1033
12.0,1,13.0,1,1034
12.0,1,12.0,1,1035
12.0,1,11.0,1,1036
12.0,1,10.0,1,1037
12.0,1,10.0,1,1037
12.0,1,10.0,1,1037
12.0,1,10.0,1,1037
12.0,1,10.0,1,1037
12.0,1,10.0,1,1037
12.0,1,10.0,1,1037
12.0,1,10.0,1,1037
12.0,1,10.0,1,1037
12.0,1,10.0,1,1037
12.0,1,10.0,1,1037
13.0,1,10.0,1,1038
14.0,1,10.0,1,1039
14.0,1,11.0,1,1040
14.0,1,12.0,1,1041
14.0,1,13.0,1,1042
14.0,1,14.0,1,1043
14.0,1,15.0,1,1044
14.0,1,16.0,1,1045
14.0,1,17.0,1,1046
14.0,1,18.0,1,1047
15.0,1,18.0,1,1048
16.0,1,18.0,1,1049
16.0,1,17.0,1,1050
16.0,1,16.0,1,1051
16.0,1,15.0,1,1052
17.0,1,15.0,1,1053
18.0,1,15.0,1,1054
18.0,1,14.0,1,1055
18.0,1,13.0,1,1056
18.0,1,12.0,1,1057
18.0,1,11.0,1,1058
18.0,1,10.0,1,1059
18.0,1,9.0,1,1060
18.0,1,8.0,1,1061
18.0,1,7.0,1,1062
18.0,1,6.0,1,1063
18.0,1,5.0,1,1064
18.0,1,4.0,1,1065
18.0,1,3.0,1,1066
18.0,1,2.0,1,1067
18.0,1,2.0,1,1068
18.0,1,2.0,1,1068
18.0,1,2.0,1,1068
18.0,1,2.0,1,1068
18.0,1,2.0,1,1068
18.0,1,2.0,1,1068
18.0,1,2.0,1,1068
18.0,1,2.0,1,1068
18.0,1,2.0,1,1068
18.0,1,2.0,1,1068
18.0,1,2.0,1,1068
18.0,1,2.0,1,1068
18.0,1,2.0,1,1068
18.0,1,2.0,1,1068
18.0,1,2.0,1,1068
18.0,1,2.0,1,1068
