t,x,y,hope,joy,satisfaction,fear,distress,disappointment,score,losthealth,remainedhealth
1,42.0,52.0,0.4975,0.0,0.0,0.4975,0.0,0.0,0.0,-100.0,100.0
2,42.0,52.0,0.495,0.0,0.0,0.495,0.0,0.0,0.0,0.0,100.0
3,41.831356,52.491867,0.4925,0.0,0.0,0.4925,0.0,0.0,0.0,0.0,100.0
4,42.15032,53.481693,0.49,0.0,0.0,0.49,0.0,0.0,0.0,0.0,100.0
5,42.9227,54.36044,0.4875,0.0,0.0,0.4875,0.0,0.0,0.0,0.0,100.0
6,43.3518,54.84863,0.485,0.0,0.0,0.485,0.0,0.0,0.0,0.0,100.0
7,44.354855,55.867733,0.4825,0.0,0.0,0.4825,0.0,0.0,0.0,0.0,100.0
8,44.628418,56.145668,0.48,0.0,0.0,0.48,0.0,0.0,0.0,0.0,100.0
9,45.638573,57.157738,0.4775,0.0,0.0,0.4775,0.0,0.0,0.0,0.0,100.0
10,45.91407,57.433754,0.475,0.0,0.0,0.475,0.0,0.0,0.0,0.0,100.0
11,47.210697,57.52643,0.47375,0.0,0.0,0.47375,0.0,0.0,0.0,0.0,100.0
12,47.988674,57.582035,0.47125,0.0,0.0,0.47125,0.0,0.0,1.0,0.0,100.0
13,47.988674,57.582035,0.46875,0.0,0.0,0.46875,0.0,0.0,11.0,0.0,100.0
14,47.988674,57.582035,0.46625,0.0,0.0,0.46625,0.0,0.0,11.0,0.0,100.0
15,47.988674,57.582035,0.46375,0.0,0.0,0.46375,0.0,0.0,11.0,0.0,100.0
16,47.988674,57.582035,0.46125,0.0,0.0,0.46125,0.0,0.0,11.0,0.0,100.0
17,47.988674,57.32205,0.45875,0.0,0.0,0.45875,0.0,0.0,11.0,0.0,100.0
18,48.075855,57.41847,0.4575,0.0,0.0,0.4575,0.0,0.0,11.0,0.0,100.0
19,46.651806,57.547993,0.455,0.0,0.0,0.455,0.0,0.0,11.0,0.0,100.0
20,46.392887,57.57154,0.4525,0.0,0.0,0.4525,0.0,0.0,11.0,0.0,100.0
21,44.962994,57.58134,0.45,0.0,0.0,0.45,0.0,0.0,11.0,0.0,100.0
22,43.5331,57.591137,0.4475,0.0,0.0,0.4475,0.0,0.0,11.0,0.0,100.0
23,42.493176,57.598263,0.44625,0.0,0.0,0.44625,0.0,0.0,11.0,0.0,100.0
24,41.69081,56.5755,0.44375,0.0,0.0,0.44375,0.0,0.0,11.0,0.0,100.0
25,40.96868,55.655018,0.44125,0.0,0.0,0.44125,0.0,0.0,11.0,0.0,100.0
26,40.8186,55.459156,0.43875,0.0,0.0,0.43875,0.0,0.0,11.0,0.0,100.0
27,40.095573,55.179993,0.43625,0.0,0.0,0.43625,0.0,0.0,11.0,0.0,100.0
28,38.67402,55.179996,0.435,0.0,0.0,0.435,0.0,0.0,11.0,0.0,100.0
29,37.115215,55.179996,0.4325,0.0,0.0,0.4325,0.0,0.0,11.0,0.0,100.0
30,35.558186,55.179996,0.43,0.0,0.0,0.43,0.0,0.0,11.0,0.0,100.0
31,34.78687,55.17999,0.42875,0.0,0.0,0.42875,0.0,0.0,11.0,0.0,100.0
32,33.527077,54.859444,0.42625,0.0,0.0,0.42625,0.0,0.0,11.0,0.0,100.0
33,32.141304,54.50684,0.6,0.0,0.0,0.42375,0.0,0.0,11.0,0.0,100.0
34,32.015324,54.474785,0.5975,0.0,0.0,0.42125,0.0,0.0,11.0,0.0,100.0
35,32.015324,54.474785,0.59375,0.0,0.0,0.42,0.0,0.0,11.0,0.0,100.0
36,32.015324,54.474785,0.59125,0.0,0.0,0.4175,0.0,0.0,11.0,0.0,100.0
37,32.015324,54.474785,0.5875,0.0,0.0,0.415,0.0,0.0,11.0,0.0,100.0
38,32.015324,54.214798,0.585,0.0,0.0,0.41375,0.0,0.0,11.0,0.0,100.0
39,32.015324,54.214798,0.5825,0.0,0.0,0.41125,0.0,0.0,11.0,0.0,100.0
40,32.015324,54.214798,0.57875,0.0,0.0,0.40875,0.0,0.0,11.0,0.0,100.0
41,32.015324,54.214798,0.57625,0.0,0.0,0.4075,0.0,0.0,11.0,0.0,100.0
42,31.755337,54.214798,0.57375,0.0,0.0,0.405,0.0,0.0,11.0,0.0,100.0
43,31.755337,54.214798,0.57125,0.0,0.0,0.40375,0.0,0.0,11.0,0.0,100.0
44,30.978794,54.002907,0.5675,0.0,0.0,0.40125,0.0,0.0,11.0,0.0,100.0
45,29.932835,53.97998,0.565,0.0,0.0,0.39875,0.0,0.0,11.0,0.0,100.0
46,29.525843,53.97998,0.5625,0.0,0.0,0.3975,0.0,0.0,11.0,0.0,100.0
47,29.525843,53.97998,0.56,0.0,0.0,0.395,0.0,0.0,11.0,0.0,100.0
48,29.525843,53.97998,0.55625,0.0,0.0,0.39375,0.0,0.0,11.0,0.0,100.0
49,29.265856,53.97998,0.55375,0.0,0.0,0.39125,0.0,0.0,11.0,0.0,100.0
50,29.265856,53.97998,0.55125,0.0,0.0,0.39,0.0,0.0,11.0,0.0,100.0
51,28.637789,53.820026,0.54875,0.0,0.0,0.3875,0.0,0.0,11.0,0.0,100.0
52,27.33885,53.778378,0.545,0.0,0.0,0.385,0.0,0.0,11.0,0.0,100.0
53,25.981297,53.34578,0.5425,0.0,0.0,0.38375,0.0,0.0,11.0,0.0,100.0
54,25.85853,53.30304,0.54,0.0,0.0,0.38125,0.0,0.0,11.0,0.0,100.0
55,25.85853,53.30304,0.5375,0.0,0.0,0.38,0.0,0.0,11.0,0.0,100.0
56,25.85853,53.30304,0.535,0.0,0.0,0.3775,0.0,0.0,11.0,0.0,100.0
57,25.85853,53.043053,0.5325,0.0,0.0,0.37625,0.0,0.0,11.0,0.0,100.0
58,25.084879,52.56401,0.53,0.0,0.0,0.37375,0.0,0.0,11.0,0.0,100.0
59,24.274555,51.720127,0.52625,0.0,0.0,0.3725,0.0,0.0,11.0,0.0,100.0
60,23.741215,50.982857,0.52375,0.0,0.0,0.37,0.0,0.0,11.0,0.0,100.0
61,23.245667,50.825363,0.52125,0.0,0.0,0.36875,0.0,0.0,11.0,0.0,100.0
62,21.687407,50.820004,0.51875,0.0,0.0,0.36625,0.0,0.0,11.0,0.0,100.0
63,21.040771,50.8201,0.51625,0.0,0.0,0.365,0.0,0.0,12.0,0.0,100.0
64,21.040771,50.8201,0.51375,0.0,0.0,0.3625,0.0,0.0,22.0,0.0,100.0
65,21.040771,50.8201,0.51125,0.0,0.0,0.36125,0.0,0.0,22.0,0.0,100.0
66,21.040771,50.8201,0.50875,0.0,0.0,0.36,0.0,0.0,22.0,0.0,100.0
67,21.040771,50.8201,0.50625,0.0,0.0,0.3575,0.0,0.0,22.0,0.0,100.0
68,21.040771,51.080086,0.50375,0.0,0.0,0.35625,0.0,0.0,22.0,0.0,100.0
69,20.95505,50.98236,0.50125,0.0,0.0,0.35375,0.0,0.0,22.0,0.0,100.0
70,20.857714,52.27865,0.49875,0.0,0.0,0.3525,0.0,0.0,22.0,0.0,100.0
71,20.820007,53.31389,0.49625,0.0,0.0,0.35,0.0,0.0,22.0,0.0,100.0
72,20.8073,53.632008,0.49375,0.0,0.0,0.34875,0.0,0.0,22.0,0.0,100.0
73,19.48016,53.820004,0.49125,0.0,0.0,0.3475,0.0,0.0,22.0,0.0,100.0
74,19.48016,53.820004,0.48875,0.0,0.0,0.345,0.0,0.0,22.0,0.0,100.0
75,19.48016,53.820004,0.48625,0.0,0.0,0.34375,0.0,0.0,22.0,0.0,100.0
76,19.48016,53.820004,0.48375,0.0,0.0,0.3425,0.0,0.0,22.0,0.0,100.0
77,19.48016,53.820004,0.48125,0.0,0.0,0.34,0.0,0.0,22.0,0.0,100.0
78,19.740147,53.820004,0.47875,0.0,0.0,0.33875,0.0,0.0,22.0,0.0,100.0
79,20.032372,54.54315,0.47625,0.0,0.0,0.33625,0.0,0.0,22.0,0.0,100.0
80,20.426945,55.05965,0.47375,0.0,0.0,0.335,0.0,0.0,22.0,0.0,100.0
81,20.605244,55.189335,0.4725,0.0,0.0,0.33375,0.0,0.0,22.0,0.0,100.0
82,21.527517,56.081264,0.47,0.0,0.0,0.33125,0.0,0.0,22.0,0.0,100.0
83,22.627958,57.186863,0.4675,0.0,0.0,0.33,0.0,0.0,22.0,0.0,100.0
84,22.719778,57.27888,0.465,0.0,0.0,0.32875,0.0,0.0,22.0,0.0,100.0
85,22.719778,57.27888,0.4625,0.0,0.0,0.3275,0.0,0.0,22.0,0.0,100.0
86,22.903358,57.462975,0.46,0.0,0.0,0.325,0.0,0.0,22.0,0.0,100.0
87,24.33244,57.512215,0.4575,0.0,0.0,0.32375,0.0,0.0,22.0,0.0,100.0
88,25.76152,57.56146,0.45625,0.0,0.0,0.3225,0.0,0.0,22.0,0.0,100.0
89,26.670935,57.592796,0.45375,0.0,0.0,0.32,0.0,0.0,22.0,0.0,100.0
90,27.550304,57.037636,0.45125,0.0,0.0,0.31875,0.0,0.0,23.0,0.0,100.0
91,27.809385,57.015953,0.44875,0.0,0.0,0.3175,0.0,0.0,23.0,0.0,100.0
92,27.809385,57.015953,0.44625,0.0,0.0,0.31625,0.0,0.0,33.0,0.0,100.0
93,27.809385,57.015953,0.445,0.0,0.0,0.31375,0.0,0.0,33.0,0.0,100.0
94,27.809385,57.015953,0.4425,0.0,0.0,0.3125,0.0,0.0,33.0,0.0,100.0
95,27.809385,57.015953,0.44,0.0,0.0,0.31125,0.0,0.0,33.0,0.0,100.0
96,27.809385,56.755966,0.4375,0.0,0.0,0.31,0.0,0.0,33.0,0.0,100.0
97,27.809385,56.755966,0.43625,0.0,0.0,0.3075,0.0,0.0,33.0,0.0,100.0
98,27.03953,57.45512,0.43375,0.0,0.0,0.30625,0.0,0.0,33.0,0.0,100.0
99,25.657434,57.088364,0.43125,0.0,0.0,0.305,0.0,0.0,33.0,0.0,100.0
100,24.652275,56.821636,0.42875,0.0,0.0,0.30375,0.0,0.0,33.0,0.0,100.0
101,24.43861,56.820053,0.4275,0.0,0.0,0.30125,0.0,0.0,33.0,0.0,100.0
102,23.292995,55.994637,0.425,0.0,0.0,0.3,0.0,0.0,33.0,0.0,100.0
103,22.659315,55.850044,0.4225,0.0,0.0,0.29875,0.0,0.0,33.0,0.0,100.0
104,21.391916,55.585964,0.42125,0.0,0.0,0.2975,0.0,0.0,33.0,0.0,100.0
105,21.01194,55.498196,0.41875,0.0,0.0,0.29625,0.0,0.0,33.0,0.0,100.0
106,20.79238,55.36935,0.41625,0.0,0.0,0.29375,0.0,0.0,33.0,0.0,100.0
107,19.738428,55.179993,0.415,0.0,0.0,0.2925,0.0,0.0,33.0,0.0,100.0
108,19.482262,55.179993,0.4125,0.0,0.0,0.29125,0.0,0.0,33.0,0.0,100.0
109,17.923454,55.179996,0.41,0.0,0.0,0.29,0.0,0.0,33.0,0.0,100.0
110,16.495892,55.1799,0.40875,0.0,0.0,0.28875,0.0,0.0,33.0,0.0,100.0
111,15.591653,55.179993,0.40625,0.0,0.0,0.2875,0.0,0.0,33.0,0.0,100.0
112,14.316558,54.927082,0.40375,0.0,0.0,0.285,0.0,0.0,33.0,0.0,100.0
113,12.913953,54.64888,0.4025,0.0,0.0,0.28375,0.0,0.0,33.0,0.0,100.0
114,12.021386,54.471844,0.7,0.0,0.0,0.2825,0.0,0.0,33.0,0.0,100.0
115,12.021386,54.471844,0.69625,0.0,0.0,0.28125,0.0,0.0,33.0,0.0,100.0
116,12.021386,54.471844,0.6925,0.0,0.0,0.28,0.0,0.0,33.0,0.0,100.0
117,12.021386,54.471844,0.69,0.0,0.0,0.27875,0.0,0.0,33.0,0.0,100.0
118,12.021386,54.471844,0.68625,0.0,0.0,0.2775,0.0,0.0,33.0,0.0,100.0
119,12.021386,54.211857,0.6825,0.0,0.0,0.27625,0.0,0.0,33.0,0.0,100.0
120,12.021386,54.211857,0.67875,0.0,0.0,0.275,0.0,0.0,33.0,0.0,100.0
121,12.021386,54.211857,0.67625,0.0,0.0,0.2725,0.0,0.0,33.0,0.0,100.0
122,12.021386,54.211857,0.6725,0.0,0.0,0.27125,0.0,0.0,33.0,0.0,100.0
123,11.761399,54.211857,0.66875,0.0,0.0,0.27,0.0,0.0,33.0,0.0,100.0
124,11.761399,54.211857,0.66625,0.0,0.0,0.26875,0.0,0.0,33.0,0.0,100.0
125,11.761399,54.211857,0.6625,0.0,0.0,0.2675,0.0,0.0,33.0,0.0,100.0
126,11.525606,54.160004,0.65875,0.0,0.0,0.26625,0.0,0.0,33.0,0.0,100.0
127,10.435899,53.97998,0.65625,0.0,0.0,0.265,0.0,0.0,33.0,0.0,100.0
128,9.539412,53.97998,0.6525,0.0,0.0,0.26375,0.0,0.0,33.0,0.0,100.0
129,9.058508,54.155346,0.65,0.0,0.0,0.2625,0.0,0.0,33.0,0.0,100.0
130,9.035196,54.215633,0.64625,0.0,0.0,0.26125,0.0,0.0,33.0,0.0,100.0
131,9.035196,54.215633,0.6425,0.0,0.0,0.26,0.0,0.0,33.0,0.0,100.0
132,8.612682,53.91256,0.64,0.0,0.0,0.25875,0.0,0.0,33.0,0.0,100.0
133,8.414284,53.820065,0.63625,0.0,0.0,0.2575,0.0,0.0,33.0,0.0,100.0
134,8.179993,52.769577,0.63375,0.0,0.0,0.25625,0.0,0.0,33.0,0.0,100.0
135,8.179998,51.600945,0.63,0.0,0.0,0.255,0.0,0.0,33.0,0.0,100.0
136,8.179998,50.953144,0.6275,0.0,0.0,0.25375,0.0,0.0,33.0,0.0,100.0
137,8.179998,50.953144,0.62375,0.0,0.0,0.2525,0.0,0.0,33.0,0.0,100.0
138,8.179998,50.953144,0.62125,0.0,0.0,0.25125,0.0,0.0,33.0,0.0,100.0
139,7.920011,50.953144,0.6175,0.0,0.0,0.25,0.0,0.0,33.0,0.0,100.0
140,6.6238775,50.8538,0.615,0.0,0.0,0.24875,0.0,0.0,33.0,0.0,100.0
141,5.5900335,50.820007,0.61125,0.0,0.0,0.2475,0.0,0.0,33.0,0.0,100.0
142,5.3802786,50.813286,0.60875,0.0,0.0,0.24625,0.0,0.0,33.0,0.0,100.0
143,5.1799912,50.126446,0.605,0.0,0.0,0.245,0.0,0.0,33.0,0.0,100.0
144,5.1799912,50.126446,0.6025,0.0,0.0,0.24375,0.0,0.0,33.0,0.0,100.0
145,5.1799912,50.126446,0.6,0.0,0.0,0.2425,0.0,0.0,33.0,0.0,100.0
146,5.1799912,49.86646,0.59625,0.0,0.0,0.24125,0.0,0.0,33.0,0.0,100.0
147,5.179999,48.43677,0.8,0.0,0.0,0.24,0.0,0.0,33.0,0.0,100.0
148,5.179999,48.17702,0.79625,0.0,0.0,0.23875,0.0,0.0,33.0,0.0,100.0
149,5.179999,48.17702,0.7925,0.0,0.0,0.2375,0.0,0.0,33.0,0.0,100.0
150,5.179999,48.17702,0.7875,0.0,0.0,0.23625,0.0,0.0,33.0,0.0,100.0
151,4.9179735,48.465862,0.78375,0.0,0.0,0.235,0.0,0.0,33.0,0.0,100.0
152,4.066415,49.614574,0.78,0.0,0.0,0.23375,0.0,0.0,33.0,0.0,100.0
153,3.8445785,50.362324,0.77625,0.0,0.0,0.2325,0.0,0.0,33.0,0.0,100.0
154,3.8200526,50.576202,0.7725,0.0,0.0,0.23125,0.0,0.0,33.0,0.0,100.0
155,2.6696382,51.267475,0.76875,0.0,0.0,0.23,0.0,0.0,33.0,0.0,100.0
156,2.3196318,51.439465,0.765,0.0,0.0,0.22875,0.0,0.0,33.0,0.0,100.0
157,2.3196318,51.439465,0.76125,0.0,0.0,0.2275,0.0,0.0,33.0,0.0,100.0
158,1.9757055,51.62331,0.7575,0.0,0.0,0.2275,0.0,0.0,33.0,0.0,100.0
159,1.0271631,50.938454,0.75375,0.0,0.0,0.22625,0.0,0.0,34.0,0.0,100.0
160,1.0271631,50.938454,0.75,0.0,0.0,0.225,0.0,0.0,34.0,0.0,100.0
161,1.0271631,50.938454,0.74625,0.0,0.0,0.22375,0.0,0.0,44.0,0.0,100.0
162,1.0271631,50.938454,0.7425,0.0,0.0,0.2225,0.0,0.0,44.0,0.0,100.0
163,1.0271631,50.938454,0.73875,0.0,0.0,0.22125,0.0,0.0,44.0,0.0,100.0
164,1.0271631,50.938454,0.735,0.0,0.0,0.22,0.0,0.0,44.0,0.0,100.0
165,1.0271631,51.19844,0.73125,0.0,0.0,0.21875,0.0,0.0,44.0,0.0,100.0
166,0.89949006,50.97196,0.7275,0.0,0.0,0.2175,0.0,0.0,44.0,0.0,100.0
167,0.8382622,52.400578,0.72375,0.0,0.0,0.2175,0.0,0.0,44.0,0.0,100.0
168,0.8200043,53.567875,0.72,0.0,0.0,0.21625,0.0,0.0,44.0,0.0,100.0
169,1.6123912,54.758175,0.71625,0.0,0.0,0.215,0.0,0.0,44.0,0.0,100.0
170,2.4846973,55.890785,0.7125,0.0,0.0,0.21375,0.0,0.0,44.0,0.0,100.0
171,2.6447513,56.095665,0.71,0.0,0.0,0.2125,0.0,0.0,44.0,0.0,100.0
172,3.534287,57.21523,0.70625,0.0,0.0,0.21125,0.0,0.0,44.0,0.0,100.0
173,4.807695,58.10602,0.7025,0.0,0.0,0.21,0.0,0.0,44.0,0.0,100.0
174,5.018279,59.604023,0.69875,0.0,0.0,0.21,0.0,0.0,44.0,0.0,100.0
175,5.1732464,61.02543,0.695,0.0,0.0,0.20875,0.0,0.0,44.0,0.0,100.0
176,5.1799884,61.154606,0.6925,0.0,0.0,0.2075,0.0,0.0,44.0,0.0,100.0
177,5.1799884,61.154606,0.68875,0.0,0.0,0.20625,0.0,0.0,44.0,0.0,100.0
178,5.1799984,62.583954,0.685,0.0,0.0,0.205,0.0,0.0,44.0,0.0,100.0
179,5.1799984,63.36194,0.68125,0.0,0.0,0.20375,0.0,0.0,44.0,0.0,100.0
180,5.1799984,63.58217,0.67875,0.0,0.0,0.20375,0.0,0.0,44.0,0.0,100.0
181,5.1799984,63.58217,0.675,0.0,0.0,0.2025,0.0,0.0,44.0,0.0,100.0
182,5.1799984,63.58217,0.67125,0.0,0.0,0.20125,0.0,0.0,44.0,0.0,100.0
183,5.1799984,63.58217,0.66875,0.0,0.0,0.2,0.0,0.0,44.0,0.0,100.0
184,5.1799984,63.58217,0.665,0.0,0.0,0.19875,0.0,0.0,44.0,0.0,100.0
185,5.1799984,63.842155,0.66125,0.0,0.0,0.19875,0.0,0.0,44.0,0.0,100.0
186,5.1799984,63.842155,0.65875,0.0,0.0,0.1975,0.0,0.0,44.0,0.0,100.0
187,5.1799984,63.842155,0.655,0.0,0.0,0.19625,0.0,0.0,44.0,0.0,100.0
188,5.1799984,63.842155,0.65125,0.0,0.0,0.195,0.0,0.0,44.0,0.0,100.0
189,5.4399853,63.842155,0.64875,0.0,0.0,0.19375,0.0,0.0,44.0,0.0,100.0
190,5.4399853,63.842155,0.645,0.0,0.0,0.19375,0.0,0.0,44.0,0.0,100.0
191,6.869173,63.820004,0.6425,0.0,0.0,0.1925,0.0,0.0,44.0,0.0,100.0
192,7.387843,63.820004,0.63875,0.0,0.0,0.19125,0.0,0.0,44.0,0.0,100.0
193,8.600617,64.07954,0.63625,0.0,0.0,0.19,0.0,0.0,44.0,0.0,100.0
194,9.37502,64.17233,0.6325,0.0,0.0,0.19,0.0,0.0,44.0,0.0,100.0
195,9.597614,64.179955,0.62875,0.0,0.0,0.18875,0.0,0.0,44.0,0.0,100.0
196,9.820005,64.94585,0.62625,0.0,0.0,0.1875,0.0,0.0,44.0,0.0,100.0
197,9.820005,64.94585,0.6225,0.0,0.0,0.18625,0.0,0.0,44.0,0.0,100.0
198,9.820005,64.94585,0.62,0.0,0.0,0.18625,0.0,0.0,44.0,0.0,100.0
199,10.079992,64.94585,0.61625,0.0,0.0,0.185,0.0,0.0,44.0,0.0,100.0
200,11.229291,65.16466,0.61375,0.0,0.0,0.18375,0.0,0.0,44.0,0.0,100.0
201,12.659084,65.18,0.61125,0.0,0.0,0.1825,0.0,0.0,44.0,0.0,100.0
202,14.088526,65.18,0.6075,0.0,0.0,0.1825,0.0,0.0,44.0,0.0,100.0
203,15.126324,65.1799,0.605,0.0,0.0,0.18125,0.0,0.0,44.0,0.0,100.0
204,16.556044,65.18,0.60125,0.0,0.0,0.18,0.0,0.0,44.0,0.0,100.0
205,18.115225,65.17999,0.59875,0.0,0.0,0.18,0.0,0.0,44.0,0.0,100.0
206,18.894331,65.17999,0.59625,0.0,0.0,0.17875,0.0,0.0,44.0,0.0,100.0
207,20.194113,65.18,0.5925,0.0,0.0,0.1775,0.0,0.0,44.0,0.0,100.0
208,21.75341,65.18,0.59,0.0,0.0,0.17625,0.0,0.0,44.0,0.0,100.0
209,22.791235,65.17999,0.58625,0.0,0.0,0.17625,0.0,0.0,44.0,0.0,100.0
210,22.791235,65.17999,0.58375,0.0,0.0,0.175,0.0,0.0,44.0,0.0,100.0
211,22.791235,65.17999,0.58125,0.0,0.0,0.17375,0.0,0.0,44.0,0.0,100.0
212,23.051222,65.17999,0.5775,0.0,0.0,0.17375,0.0,0.0,44.0,0.0,100.0
213,24.480915,65.17999,0.575,0.0,0.0,0.1725,0.0,0.0,44.0,0.0,100.0
214,26.039946,65.18,0.5725,0.0,0.0,0.17125,0.0,0.0,44.0,0.0,100.0
215,26.687525,65.17999,0.57,0.0,0.0,0.17125,0.0,0.0,44.0,0.0,100.0
216,28.117239,65.18,0.56625,0.0,0.0,0.17,0.0,0.0,44.0,0.0,100.0
217,29.676397,65.17999,0.56375,0.0,0.0,0.16875,0.0,0.0,44.0,0.0,100.0
218,30.45447,65.179985,0.56125,0.0,0.0,0.1675,0.0,0.0,44.0,0.0,100.0
219,31.884192,65.17999,0.55875,0.0,0.0,0.1675,0.0,0.0,44.0,0.0,100.0
220,33.183697,65.17999,0.555,0.0,0.0,0.16625,0.0,0.0,44.0,0.0,100.0
221,34.351257,65.17999,0.5525,0.0,0.0,0.165,0.0,0.0,44.0,0.0,100.0
222,34.351257,65.17999,0.55,0.0,0.0,0.165,0.0,0.0,44.0,0.0,100.0
223,34.351257,65.17999,0.5475,0.0,0.0,0.16375,0.0,0.0,44.0,0.0,100.0
224,34.611244,65.17999,0.54375,0.0,0.0,0.16375,0.0,0.0,44.0,0.0,100.0
225,35.911,65.18,0.54125,0.0,0.0,0.1625,0.0,0.0,44.0,0.0,100.0
226,37.470116,65.18,0.53875,0.0,0.0,0.16125,0.0,0.0,44.0,0.0,100.0
227,38.118378,65.17999,0.53625,0.0,0.0,0.16125,0.0,0.0,44.0,0.0,100.0
228,39.41816,65.18,0.53375,0.0,0.0,0.16,0.0,0.0,44.0,0.0,100.0
229,40.977448,65.18,0.53125,0.0,0.0,0.15875,0.0,0.0,44.0,0.0,100.0
230,42.01528,65.17999,0.52875,0.0,0.0,0.15875,0.0,0.0,44.0,0.0,100.0
231,43.315056,65.18,0.52625,0.0,0.0,0.1575,0.0,0.0,44.0,0.0,100.0
232,44.874317,65.18,0.5225,0.0,0.0,0.15625,0.0,0.0,44.0,0.0,100.0
233,45.78251,65.17999,0.52,0.0,0.0,0.15625,0.0,0.0,44.0,0.0,100.0
234,45.78251,65.17999,0.5175,0.0,0.0,0.155,0.0,0.0,44.0,0.0,100.0
235,45.78251,65.17999,0.515,0.0,0.0,0.155,0.0,0.0,44.0,0.0,100.0
236,46.042496,65.17999,0.5125,0.0,0.0,0.15375,0.0,0.0,44.0,0.0,100.0
237,47.45234,64.94118,0.51,0.0,0.0,0.1525,0.0,0.0,44.0,0.0,100.0
238,48.349514,64.7892,0.5075,0.0,0.0,0.1525,0.0,0.0,44.0,0.0,100.0
239,49.626686,64.54699,0.505,0.0,0.0,0.15125,0.0,0.0,44.0,0.0,100.0
240,50.90386,64.30479,0.5025,0.0,0.0,0.15,0.0,0.0,44.0,0.0,100.0
241,52.434624,64.00461,0.5,0.0,0.0,0.15,0.0,0.0,44.0,0.0,100.0
242,53.32757,63.8295,0.4975,0.0,0.0,0.14875,0.0,0.0,44.0,0.0,100.0
243,53.549248,63.82005,0.495,0.0,0.0,0.14875,0.0,0.0,44.0,0.0,100.0
244,54.363945,62.74951,0.4925,0.0,0.0,0.1475,0.0,0.0,44.0,0.0,100.0
245,55.098038,61.676693,0.49,0.0,0.0,0.1475,0.0,0.0,44.0,0.0,100.0
246,55.098038,61.676693,0.4875,0.0,0.0,0.14625,0.0,0.0,44.0,0.0,100.0
247,55.098038,61.676693,0.485,0.0,0.0,0.145,0.0,0.0,44.0,0.0,100.0
248,55.098038,61.416706,0.4825,0.0,0.0,0.145,0.0,0.0,44.0,0.0,100.0
249,55.15866,59.988064,0.48,0.0,0.0,0.14375,0.0,0.0,44.0,0.0,100.0
250,55.179996,58.560455,0.4775,0.0,0.0,0.14375,0.0,0.0,44.0,0.0,100.0
251,55.179996,57.790012,0.475,0.0,0.0,0.1425,0.0,0.0,44.0,0.0,100.0
252,55.179996,56.360935,0.47375,0.0,0.0,0.14125,0.0,0.0,44.0,0.0,100.0
253,55.179996,54.804054,0.47125,0.0,0.0,0.14125,0.0,0.0,44.0,0.0,100.0
254,55.179996,54.03146,0.46875,0.0,0.0,0.14,0.0,0.0,44.0,0.0,100.0
255,55.179996,52.60235,0.46625,0.0,0.0,0.14,0.0,0.0,44.0,0.0,100.0
256,55.179996,51.174587,0.46375,0.0,0.0,0.13875,0.0,0.0,44.0,0.0,100.0
257,55.179996,50.143555,0.46125,0.0,0.0,0.13875,0.0,0.0,44.0,0.0,100.0
258,55.179996,50.143555,0.45875,0.0,0.0,0.1375,0.0,0.0,44.0,0.0,100.0
259,55.179996,50.143555,0.4575,0.0,0.0,0.1375,0.0,0.0,44.0,0.0,100.0
260,55.179996,49.883568,0.455,0.0,0.0,0.13625,0.0,0.0,44.0,0.0,100.0
261,55.179996,48.454597,0.4525,0.0,0.0,0.135,0.0,0.0,44.0,0.0,100.0
262,55.179996,46.898293,0.45,0.0,0.0,0.135,0.0,0.0,44.0,0.0,100.0
263,55.179996,46.384144,0.4475,0.0,0.0,0.13375,0.0,0.0,44.0,0.0,100.0
264,55.179996,45.613213,0.44625,0.0,0.0,0.13375,0.0,0.0,44.0,0.0,100.0
265,55.179996,45.413494,0.44375,0.0,0.0,0.1325,0.0,0.0,44.0,0.0,100.0
266,56.24171,45.179993,0.44125,0.0,0.0,0.1325,0.0,0.0,44.0,0.0,100.0
267,57.405655,45.179993,0.43875,0.0,0.0,0.13125,0.0,0.0,44.0,0.0,100.0
268,57.405655,45.179993,0.43625,0.0,0.0,0.13125,0.0,0.0,44.0,0.0,100.0
269,57.405655,45.179993,0.435,0.0,0.0,0.13,0.0,0.0,44.0,0.0,100.0
270,57.66564,45.179993,0.4325,0.0,0.0,0.13,0.0,0.0,44.0,0.0,100.0
271,59.09502,45.18,0.43,0.0,0.0,0.12875,0.0,0.0,44.0,0.0,100.0
272,60.523533,45.179996,0.42875,0.0,0.0,0.12875,0.0,0.0,44.0,0.0,100.0
273,61.16979,45.179996,0.42625,0.0,0.0,0.1275,0.0,0.0,44.0,0.0,100.0
274,62.59926,45.18,0.42375,0.0,0.0,0.1275,0.0,0.0,44.0,0.0,100.0
275,64.15756,45.18,0.42125,0.0,0.0,0.12625,0.0,0.0,44.0,0.0,100.0
276,65.06229,45.17999,0.42,0.0,0.0,0.12625,0.0,0.0,44.0,0.0,100.0
277,66.36186,45.179996,0.4175,0.0,0.0,0.125,0.0,0.0,44.0,0.0,100.0
278,67.920296,45.179996,0.415,0.0,0.0,0.125,0.0,0.0,44.0,0.0,100.0
279,68.82625,45.179993,0.41375,0.0,0.0,0.12375,0.0,0.0,44.0,0.0,100.0
280,68.82625,45.179993,0.41125,0.0,0.0,0.12375,0.0,0.0,44.0,0.0,100.0
281,68.82625,45.179993,0.40875,0.0,0.0,0.1225,0.0,0.0,44.0,0.0,100.0
282,69.086235,45.179993,0.4075,0.0,0.0,0.1225,0.0,0.0,44.0,0.0,100.0
283,70.38577,45.18,0.405,0.0,0.0,0.12125,0.0,0.0,44.0,0.0,100.0
284,71.944,45.179996,0.40375,0.0,0.0,0.12125,0.0,0.0,44.0,0.0,100.0
285,72.71933,45.179996,0.40125,0.0,0.0,0.12,0.0,0.0,44.0,0.0,100.0
286,74.14878,45.179996,0.39875,0.0,0.0,0.12,0.0,0.0,44.0,0.0,100.0
287,75.57746,45.18,0.3975,0.0,0.0,0.11875,0.0,0.0,44.0,0.0,100.0
288,76.6116,45.1799,0.395,0.0,0.0,0.11875,0.0,0.0,44.0,0.0,100.0
289,78.08735,44.674393,0.39375,0.0,0.0,0.1175,0.0,0.0,44.0,0.0,100.0
290,79.44011,44.211014,0.39125,0.0,0.0,0.1175,0.0,0.0,44.0,0.0,100.0
291,80.42394,43.87401,0.39,0.0,0.0,0.11625,0.0,0.0,44.0,0.0,100.0
292,80.42394,43.87401,0.3875,0.0,0.0,0.11625,0.0,0.0,44.0,0.0,100.0
293,80.42394,43.87401,0.385,0.0,0.0,0.115,0.0,0.0,44.0,0.0,100.0
294,80.68393,43.87401,0.38375,0.0,0.0,0.115,0.0,0.0,44.0,0.0,100.0
295,81.98344,43.8408,0.38125,0.0,0.0,0.115,0.0,0.0,44.0,0.0,100.0
296,83.2828,43.820004,0.38,0.0,0.0,0.11375,0.0,0.0,44.0,0.0,100.0
297,83.62063,43.81421,0.3775,0.0,0.0,0.11375,0.0,0.0,44.0,0.0,100.0
298,84.24367,42.728367,0.37625,0.0,0.0,0.1125,0.0,0.0,44.0,0.0,100.0
299,84.35691,42.49434,0.37375,0.0,0.0,0.1125,0.0,0.0,44.0,0.0,100.0
300,84.35691,42.49434,0.3725,0.0,0.0,0.11125,0.0,0.0,44.0,0.0,100.0
301,84.35691,42.49434,0.37,0.0,0.0,0.11125,0.0,0.0,44.0,0.0,100.0
302,84.096924,42.49434,0.36875,0.0,0.0,0.11,0.0,0.0,44.0,0.0,100.0
303,84.21761,41.20002,0.36625,0.0,0.0,0.11,0.0,0.0,44.0,0.0,100.0
304,84.03339,39.913204,0.365,0.0,0.0,0.10875,0.0,0.0,44.0,0.0,100.0
305,83.820015,38.63398,0.3625,0.0,0.0,0.10875,0.0,0.0,44.0,0.0,100.0
306,83.820015,38.63398,0.36125,0.0,0.0,0.10875,0.0,0.0,44.0,0.0,100.0
307,83.820015,38.63398,0.36,0.0,0.0,0.1075,0.0,0.0,44.0,0.0,100.0
308,83.820015,38.63398,0.3575,0.0,0.0,0.1075,0.0,0.0,44.0,0.0,100.0
309,83.820015,38.373993,0.35625,0.0,0.0,0.10625,0.0,0.0,44.0,0.0,100.0
310,83.820015,38.373993,0.35375,0.0,0.0,0.10625,0.0,0.0,44.0,0.0,100.0
311,83.820015,38.373993,0.3525,0.0,0.0,0.105,0.0,0.0,44.0,0.0,100.0
312,84.08,38.373993,0.35,0.0,0.0,0.105,0.0,0.0,44.0,0.0,100.0
313,84.22915,36.951862,0.34875,0.0,0.0,0.105,0.0,0.0,44.0,0.0,100.0
314,84.39185,35.40045,0.3475,0.0,0.0,0.10375,0.0,0.0,44.0,0.0,100.0
315,84.45965,34.75403,0.345,0.0,0.0,0.10375,0.0,0.0,44.0,0.0,100.0
316,83.64955,33.575706,0.34375,0.0,0.0,0.1025,0.0,0.0,44.0,0.0,100.0
317,83.354965,33.14723,0.3425,0.0,0.0,0.1025,0.0,0.0,44.0,0.0,100.0
318,82.45995,32.20448,0.34,0.0,0.0,0.1025,0.0,0.0,44.0,0.0,100.0
319,82.191444,31.921656,0.33875,0.0,0.0,0.10125,0.0,0.0,44.0,0.0,100.0
320,81.283455,31.981361,0.33625,0.0,0.0,0.10125,0.0,0.0,45.0,0.0,100.0
321,81.283455,31.981361,0.335,0.0,0.0,0.1,0.0,0.0,45.0,0.0,100.0
322,81.283455,31.981361,0.33375,0.0,0.0,0.1,0.0,0.0,55.0,0.0,100.0
323,81.283455,31.981361,0.33125,0.0,0.0,0.1,0.0,0.0,55.0,0.0,100.0
324,81.283455,31.981361,0.33,0.0,0.0,0.09875,0.0,0.0,55.0,0.0,100.0
325,81.283455,31.981361,0.32875,0.0,0.0,0.09875,0.0,0.0,55.0,0.0,100.0
326,81.02347,31.981361,0.3275,0.0,0.0,0.0975,0.0,0.0,55.0,0.0,100.0
327,81.77691,31.779709,0.325,0.0,0.0,0.0975,0.0,0.0,55.0,0.0,100.0
328,81.07952,33.028046,0.32375,0.0,0.0,0.0975,0.0,0.0,55.0,0.0,100.0
329,80.88933,33.368504,0.3225,0.0,0.0,0.09625,0.0,0.0,55.0,0.0,100.0
330,80.82006,33.47453,0.32,0.0,0.0,0.09625,0.0,0.0,55.0,0.0,100.0
331,80.775085,33.671104,0.31875,0.0,0.0,0.095,0.0,0.0,55.0,0.0,100.0
332,79.06195,33.82001,0.3175,0.0,0.0,0.095,0.0,0.0,55.0,0.0,100.0
333,79.06195,33.82001,0.31625,0.0,0.0,0.095,0.0,0.0,55.0,0.0,100.0
334,79.06195,33.82001,0.31375,0.0,0.0,0.09375,0.0,0.0,55.0,0.0,100.0
335,79.1699,33.89244,0.3125,0.0,0.0,0.09375,0.0,0.0,55.0,0.0,100.0
336,79.1699,33.89244,0.31125,0.0,0.0,0.09375,0.0,0.0,55.0,0.0,100.0
337,79.1699,33.89244,0.31,0.0,0.0,0.0925,0.0,0.0,55.0,0.0,100.0
338,79.1699,33.89244,0.3075,0.0,0.0,0.0925,0.0,0.0,55.0,0.0,100.0
339,79.1699,33.89244,0.30625,0.0,0.0,0.09125,0.0,0.0,55.0,0.0,100.0
340,78.90991,33.89244,0.305,0.0,0.0,0.09125,0.0,0.0,55.0,0.0,100.0
341,79.16005,33.963333,0.30375,0.0,0.0,0.09125,0.0,0.0,55.0,0.0,100.0
342,77.86401,33.86265,0.30125,0.0,0.0,0.09,0.0,0.0,55.0,0.0,100.0
343,77.0866,33.820007,0.3,0.0,0.0,0.09,0.0,0.0,55.0,0.0,100.0
344,75.53132,33.9402,0.29875,0.0,0.0,0.09,0.0,0.0,55.0,0.0,100.0
345,74.49446,34.020332,0.2975,0.0,0.0,0.08875,0.0,0.0,55.0,0.0,100.0
346,73.19977,34.13696,0.29625,0.0,0.0,0.08875,0.0,0.0,55.0,0.0,100.0
347,72.81136,34.171947,0.29375,0.0,0.0,0.08875,0.0,0.0,55.0,0.0,100.0
348,71.77406,34.24612,0.2925,0.0,0.0,0.0875,0.0,0.0,55.0,0.0,100.0
349,70.756584,33.979973,0.29125,0.0,0.0,0.0875,0.0,0.0,55.0,0.0,100.0
350,71.020584,33.953545,0.29,0.0,0.0,0.0875,0.0,0.0,55.0,0.0,100.0
351,71.020584,33.953545,0.28875,0.0,0.0,0.08625,0.0,0.0,55.0,0.0,100.0
352,71.020584,33.953545,0.2875,0.0,0.0,0.08625,0.0,0.0,55.0,0.0,100.0
353,70.7606,33.953545,0.285,0.0,0.0,0.085,0.0,0.0,55.0,0.0,100.0
354,71.02047,33.94588,0.28375,0.0,0.0,0.085,0.0,0.0,55.0,0.0,100.0
355,70.25951,33.979984,0.2825,0.0,0.0,0.085,0.0,0.0,55.0,0.0,100.0
356,69.52492,33.979984,0.28125,0.0,0.0,0.08375,0.0,0.0,55.0,0.0,100.0
357,69.092415,34.100113,0.28,0.0,0.0,0.08375,0.0,0.0,55.0,0.0,100.0
358,69.02124,34.341812,0.27875,0.0,0.0,0.08375,0.0,0.0,55.0,0.0,100.0
359,69.02124,34.341812,0.2775,0.0,0.0,0.0825,0.0,0.0,55.0,0.0,100.0
360,68.5708,34.978554,0.27625,0.0,0.0,0.0825,0.0,0.0,55.0,0.0,100.0
361,68.40447,35.178375,0.275,0.0,0.0,0.0825,0.0,0.0,55.0,0.0,100.0
362,68.17999,36.263226,0.2725,0.0,0.0,0.08125,0.0,0.0,55.0,0.0,100.0
363,68.18,37.82103,0.27125,0.0,0.0,0.08125,0.0,0.0,55.0,0.0,100.0
364,68.1799,37.950375,0.27,0.0,0.0,0.08125,0.0,0.0,55.0,0.0,100.0
365,68.1799,37.950375,0.26875,0.0,0.0,0.08,0.0,0.0,55.0,0.0,100.0
366,66.75611,38.082756,0.2675,0.0,0.0,0.08,0.0,0.0,55.0,0.0,100.0
367,65.591194,38.17999,0.26625,0.0,0.0,0.08,0.0,0.0,55.0,0.0,100.0
368,64.44263,37.32824,0.265,0.0,0.0,0.08,0.0,0.0,55.0,0.0,100.0
369,64.233795,37.173374,0.26375,0.0,0.0,0.07875,0.0,0.0,55.0,0.0,100.0
370,63.1817,36.204975,0.2625,0.0,0.0,0.07875,0.0,0.0,55.0,0.0,100.0
371,62.894768,35.940865,0.26125,0.0,0.0,0.07875,0.0,0.0,55.0,0.0,100.0
372,61.85766,34.95644,0.26,0.0,0.0,0.0775,0.0,0.0,55.0,0.0,100.0
373,61.57481,34.687958,0.25875,0.0,0.0,0.0775,0.0,0.0,55.0,0.0,100.0
374,60.145622,34.64195,0.2575,0.0,0.0,0.0775,0.0,0.0,55.0,0.0,100.0
375,59.88577,34.633583,0.25625,0.0,0.0,0.07625,0.0,0.0,55.0,0.0,100.0
376,59.88577,34.633583,0.255,0.0,0.0,0.07625,0.0,0.0,55.0,0.0,100.0
377,59.88577,34.633583,0.25375,0.0,0.0,0.07625,0.0,0.0,55.0,0.0,100.0
378,59.625782,34.633583,0.2525,0.0,0.0,0.075,0.0,0.0,55.0,0.0,100.0
379,58.326702,34.586395,0.25125,0.0,0.0,0.075,0.0,0.0,55.0,0.0,100.0
380,57.80707,34.56752,0.25,0.0,0.0,0.075,0.0,0.0,55.0,0.0,100.0
381,56.527676,34.33736,0.24875,0.0,0.0,0.075,0.0,0.0,55.0,0.0,100.0
382,55.252956,34.082565,0.2475,0.0,0.0,0.07375,0.0,0.0,55.0,0.0,100.0
383,53.97892,33.824364,0.24625,0.0,0.0,0.07375,0.0,0.0,55.0,0.0,100.0
384,52.549164,33.820004,0.245,0.0,0.0,0.07375,0.0,0.0,55.0,0.0,100.0
385,50.989925,33.820004,0.24375,0.0,0.0,0.0725,0.0,0.0,55.0,0.0,100.0
386,50.212082,33.820004,0.2425,0.0,0.0,0.0725,0.0,0.0,55.0,0.0,100.0
387,50.212082,33.820004,0.24125,0.0,0.0,0.0725,0.0,0.0,55.0,0.0,100.0
388,50.212082,33.820004,0.24,0.0,0.0,0.07125,0.0,0.0,55.0,0.0,100.0
389,49.952095,33.820004,0.23875,0.0,0.0,0.07125,0.0,0.0,55.0,0.0,100.0
390,49.57797,33.979935,0.2375,0.0,0.0,0.07125,0.0,0.0,55.0,0.0,100.0
391,49.182667,34.02377,0.23625,0.0,0.0,0.07125,0.0,0.0,55.0,0.0,100.0
392,49.02993,34.409386,0.235,0.0,0.0,0.07,0.0,0.0,55.0,0.0,100.0
393,49.02993,34.409386,0.23375,0.0,0.0,0.07,0.0,0.0,55.0,0.0,100.0
394,49.02993,34.409386,0.2325,0.0,0.0,0.07,0.0,0.0,55.0,0.0,100.0
395,49.02993,34.409386,0.23125,0.0,0.0,0.07,0.0,0.0,55.0,0.0,100.0
396,48.769943,34.409386,0.23,0.0,0.0,0.06875,0.0,0.0,55.0,0.0,100.0
397,48.51233,35.006123,0.22875,0.0,0.0,0.06875,0.0,0.0,55.0,0.0,100.0
398,48.36082,35.21142,0.2275,0.0,0.0,0.06875,0.0,0.0,55.0,0.0,100.0
399,48.179993,36.405994,0.2275,0.0,0.0,0.0675,0.0,0.0,55.0,0.0,100.0
400,48.179996,37.960464,0.22625,0.0,0.0,0.0675,0.0,0.0,55.0,0.0,100.0
401,48.179996,37.960464,0.225,0.0,0.0,0.0675,0.0,0.0,55.0,0.0,100.0
402,48.179996,37.960464,0.22375,0.0,0.0,0.0675,0.0,0.0,55.0,0.0,100.0
403,47.92001,37.960464,0.2225,0.0,0.0,0.06625,0.0,0.0,55.0,0.0,100.0
404,46.632816,38.142025,0.22125,0.0,0.0,0.06625,0.0,0.0,55.0,0.0,100.0
405,46.375378,38.178333,0.22,0.0,0.0,0.06625,0.0,0.0,55.0,0.0,100.0
406,45.20827,37.35216,0.21875,0.0,0.0,0.06625,0.0,0.0,55.0,0.0,100.0
407,44.57167,36.901524,0.2175,0.0,0.0,0.065,0.0,0.0,55.0,0.0,100.0
408,44.368046,36.809944,0.2175,0.0,0.0,0.065,0.0,0.0,55.0,0.0,100.0
409,44.179993,35.97784,0.21625,0.0,0.0,0.065,0.0,0.0,55.0,0.0,100.0
410,44.179993,35.97784,0.215,0.0,0.0,0.06375,0.0,0.0,55.0,0.0,100.0
411,44.179993,35.97784,0.21375,0.0,0.0,0.06375,0.0,0.0,55.0,0.0,100.0
412,43.920006,35.97784,0.2125,0.0,0.0,0.06375,0.0,0.0,55.0,0.0,100.0
413,42.63417,35.82001,0.21125,0.0,0.0,0.06375,0.0,0.0,55.0,0.0,100.0
414,42.42398,35.82001,0.21,0.0,0.0,0.0625,0.0,0.0,55.0,0.0,100.0
415,42.179993,34.752033,0.21,0.0,0.0,0.0625,0.0,0.0,55.0,0.0,100.0
416,42.179993,34.752033,0.20875,0.0,0.0,0.0625,0.0,0.0,55.0,0.0,100.0
417,42.179993,34.752033,0.2075,0.0,0.0,0.0625,0.0,0.0,55.0,0.0,100.0
418,42.179993,34.492046,0.20625,0.0,0.0,0.06125,0.0,0.0,55.0,0.0,100.0
419,42.182365,34.399395,0.205,0.0,0.0,0.06125,0.0,0.0,55.0,0.0,100.0
420,43.050236,34.179985,0.20375,0.0,0.0,0.06125,0.0,0.0,55.0,0.0,100.0
421,43.050236,34.179985,0.20375,0.0,0.0,0.06125,0.0,0.0,55.0,0.0,100.0
422,43.050236,34.179985,0.2025,0.0,0.0,0.06,0.0,0.0,55.0,0.0,100.0
423,43.050236,33.92,0.20125,0.0,0.0,0.06,0.0,0.0,55.0,0.0,100.0
424,43.150814,33.680256,0.2,0.0,0.0,0.06,0.0,0.0,55.0,0.0,100.0
425,43.396637,32.27462,0.19875,0.0,0.0,0.06,0.0,0.0,55.0,0.0,100.0
426,43.629883,30.995783,0.19875,0.0,0.0,0.06,0.0,0.0,55.0,0.0,100.0
427,43.681213,30.876354,0.1975,0.0,0.0,0.05875,0.0,0.0,55.0,0.0,100.0
428,44.016785,29.94739,0.19625,0.0,0.0,0.05875,0.0,0.0,55.0,0.0,100.0
429,44.020008,28.533686,0.195,0.0,0.0,0.05875,0.0,0.0,55.0,0.0,100.0
430,43.838238,27.12312,0.19375,0.0,0.0,0.05875,0.0,0.0,55.0,0.0,100.0
431,43.838238,27.12312,0.19375,0.0,0.0,0.0575,0.0,0.0,55.0,0.0,100.0
432,43.838238,27.12312,0.1925,0.0,0.0,0.0575,0.0,0.0,55.0,0.0,100.0
433,43.838238,26.863132,0.19125,0.0,0.0,0.0575,0.0,0.0,55.0,0.0,100.0
434,43.825237,25.563261,0.19,0.0,0.0,0.0575,0.0,0.0,55.0,0.0,100.0
435,43.820004,24.13346,0.19,0.0,0.0,0.05625,0.0,0.0,55.0,0.0,100.0
436,43.820004,23.35387,0.18875,0.0,0.0,0.05625,0.0,0.0,55.0,0.0,100.0
437,43.82,22.053974,0.1875,0.0,0.0,0.05625,0.0,0.0,55.0,0.0,100.0
438,43.820004,20.624163,0.18625,0.0,0.0,0.05625,0.0,0.0,55.0,0.0,100.0
439,43.820004,19.454731,0.0,1.0,0.0,0.05625,0.0,0.0,55.0,0.0,100.0
440,43.820004,19.454731,0.0,0.995,0.0,0.055,0.0,0.0,55.0,0.0,100.0
441,43.820004,19.454731,0.0,0.99,0.0,0.055,0.0,0.0,55.0,0.0,100.0
442,43.820004,19.454731,0.0,0.985,0.0,0.055,0.0,0.0,55.0,0.0,100.0
443,43.820004,19.454731,0.0,0.98,0.0,0.055,0.0,0.0,55.0,0.0,100.0
444,43.820004,19.714718,0.0,0.975,0.0,0.05375,0.0,0.0,55.0,0.0,100.0
445,43.82,21.014591,0.0,0.97,0.0,0.05375,0.0,0.0,55.0,0.0,100.0
446,43.820004,22.444296,0.0,0.965,0.0,0.05375,0.0,0.0,55.0,0.0,100.0
447,43.820004,22.833849,0.0,0.96125,0.0,0.05375,0.0,0.0,55.0,0.0,100.0
448,43.82,24.263723,0.0,0.95625,0.0,0.05375,0.0,0.0,55.0,0.0,100.0
449,43.820004,25.693525,0.0,0.95125,0.0,0.0525,0.0,0.0,55.0,0.0,100.0
450,43.820004,26.603033,0.0,0.94625,0.0,0.0525,0.0,0.0,55.0,0.0,100.0
451,44.01042,28.020226,0.0,0.94125,0.0,0.0525,0.0,0.0,55.0,0.0,100.0
452,44.17999,29.308163,0.0,0.9375,0.0,0.0525,0.0,0.0,55.0,0.0,100.0
453,44.193172,29.635605,0.0,0.9325,0.0,0.0525,0.0,0.0,55.0,0.0,100.0
454,45.045776,30.42715,0.0,0.9275,0.0,0.05125,0.0,0.0,55.0,0.0,100.0
455,45.140873,30.51578,0.0,0.9225,0.0,0.05125,0.0,0.0,55.0,0.0,100.0
456,45.859604,30.820007,0.0,0.91875,0.0,0.05125,0.0,0.0,55.0,0.0,100.0
457,46.611916,31.715994,0.0,0.91375,0.0,0.05125,0.0,0.0,55.0,0.0,100.0
458,47.331547,32.638435,0.0,0.90875,0.0,0.05125,0.0,0.0,55.0,0.0,100.0
459,48.045727,33.394367,0.0,0.905,0.0,0.05,0.0,0.0,56.0,0.0,100.0
460,48.187332,33.585236,0.0,0.9,0.0,0.05,0.0,0.0,56.0,0.0,100.0
461,48.187332,33.585236,0.0,0.89625,0.0,0.05,0.0,0.0,56.0,0.0,100.0
462,48.187332,33.585236,0.0,0.89125,0.0,0.05,0.0,0.0,56.0,0.0,100.0
463,48.187332,33.845222,0.0,0.8875,0.0,0.05,0.0,0.0,56.0,0.0,100.0
464,48.187332,33.845222,0.0,0.8825,0.0,0.04875,0.0,0.0,56.0,0.0,100.0
465,48.187332,33.845222,0.0,0.8775,0.0,0.04875,0.0,0.0,56.0,0.0,100.0
466,48.187332,33.845222,0.0,0.87375,0.0,0.04875,0.0,0.0,56.0,0.0,100.0
467,48.187332,33.845222,0.0,0.86875,0.0,0.04875,0.0,0.0,56.0,0.0,100.0
468,48.44732,33.845222,0.0,0.865,0.0,0.04875,0.0,0.0,56.0,0.0,100.0
469,48.44732,33.845222,0.0,0.86125,0.0,0.0475,0.0,0.0,56.0,0.0,100.0
470,48.44732,33.845222,0.0,0.85625,0.0,0.0475,0.0,0.0,56.0,0.0,100.0
471,48.707306,33.845222,0.0,0.8525,0.0,0.0475,0.0,0.0,56.0,0.0,100.0
472,48.707306,33.845222,0.0,0.8475,0.0,0.0475,0.0,0.0,56.0,0.0,100.0
473,48.38104,33.81365,0.0,0.84375,0.0,0.0475,0.0,0.0,56.0,0.0,100.0
474,47.104893,34.06119,0.0,0.84,0.0,0.04625,0.0,0.0,56.0,0.0,100.0
475,46.361973,34.17998,0.0,0.835,0.0,0.04625,0.0,0.0,56.0,0.0,100.0
476,45.9668,33.66394,0.0,0.83125,0.0,0.04625,0.0,0.0,56.0,0.0,100.0
477,45.807293,33.365005,0.0,0.8275,0.0,0.04625,0.0,0.0,56.0,0.0,100.0
478,44.74123,33.179996,0.0,0.8225,0.0,0.04625,0.0,0.0,56.0,0.0,100.0
479,43.705673,33.179996,0.0,0.81875,0.0,0.045,0.0,0.0,56.0,0.0,100.0
480,43.392796,33.18442,0.0,0.815,0.0,0.045,0.0,0.0,56.0,0.0,100.0
481,42.613632,34.033295,0.0,0.81,0.0,0.045,0.0,0.0,56.0,0.0,100.0
482,42.338963,34.20742,0.0,0.80625,0.0,0.045,0.0,0.0,56.0,0.0,100.0
483,42.264797,34.268486,0.0,0.8025,0.0,0.045,0.0,0.0,56.0,0.0,100.0
484,40.968548,34.36626,0.0,0.79875,0.0,0.045,0.0,0.0,56.0,0.0,100.0
485,39.413044,34.48359,0.0,0.795,0.0,0.2,0.0,0.0,56.0,0.0,100.0
486,39.283417,34.493366,0.0,0.79,0.0,0.19875,0.0,0.0,56.0,0.0,100.0
487,39.283417,34.493366,0.0,0.78625,0.0,0.1975,0.0,0.0,56.0,0.0,100.0
488,39.283417,34.493366,0.0,0.7825,0.0,0.1975,0.0,0.0,56.0,0.0,100.0
489,38.635292,34.54225,0.0,0.77875,0.0,0.19625,0.0,0.0,56.0,0.0,100.0
490,40.091507,33.98297,0.0,0.775,0.0,0.195,0.0,0.0,56.0,0.0,100.0
491,40.33421,33.88976,0.0,0.77125,0.0,0.19375,0.0,0.0,56.0,0.0,100.0
492,40.663635,33.794014,0.0,0.7675,0.0,0.1925,0.0,0.0,56.0,0.0,100.0
493,41.269535,32.66938,0.0,0.76375,0.0,0.1925,0.0,0.0,56.0,0.0,100.0
494,41.981857,31.28161,0.0,0.76,0.0,0.19125,0.0,0.0,56.0,0.0,100.0
495,42.10084,31.050447,0.0,0.75625,0.0,0.19,0.0,0.0,56.0,0.0,100.0
496,43.372654,30.82002,0.0,0.7525,0.0,0.18875,0.0,0.0,56.0,0.0,100.0
497,43.60154,30.82002,0.0,0.74875,0.0,0.18875,0.0,0.0,56.0,0.0,100.0
498,44.29456,29.915504,0.0,0.745,0.0,0.1875,0.0,0.0,56.0,0.0,100.0
499,44.29456,29.915504,0.0,0.74125,0.0,0.18625,0.0,0.0,56.0,0.0,100.0
500,44.29456,29.915504,0.0,0.7375,0.0,0.185,0.0,0.0,56.0,0.0,100.0
501,44.034573,29.915504,0.0,0.73375,0.0,0.185,0.0,0.0,56.0,0.0,100.0
502,44.09745,29.801731,0.0,0.73,0.0,0.18375,0.0,0.0,56.0,0.0,100.0
503,44.09745,29.801731,0.0,0.72625,0.0,0.1825,0.0,0.0,56.0,0.0,100.0
504,45.056503,30.471794,0.0,0.7225,0.0,0.18125,0.0,0.0,56.0,0.0,100.0
505,45.157127,30.55409,0.0,0.71875,0.0,0.18125,0.0,0.0,56.0,0.0,100.0
506,45.157127,30.55409,0.0,0.715,0.0,0.18,0.0,0.0,56.0,0.0,100.0
507,45.157127,30.55409,0.0,0.71125,0.0,0.17875,0.0,0.0,56.0,0.0,100.0
508,45.157127,30.814077,0.0,0.70875,0.0,0.17875,0.0,0.0,56.0,0.0,100.0
509,45.157127,30.814077,0.0,0.705,0.0,0.1775,0.0,0.0,56.0,0.0,100.0
510,45.157127,30.814077,0.0,0.70125,0.0,0.17625,0.0,0.0,56.0,0.0,100.0
511,45.417118,30.814077,0.0,0.6975,0.0,0.175,0.0,0.0,56.0,0.0,100.0
512,45.417118,30.814077,0.0,0.69375,0.0,0.175,0.0,0.0,56.0,0.0,100.0
513,45.417118,30.814077,0.0,0.69125,0.0,0.17375,0.0,0.0,56.0,0.0,100.0
514,45.417118,30.814077,0.0,0.6875,0.0,0.1725,0.0,0.0,56.0,0.0,100.0
515,45.417118,30.814077,0.0,0.68375,0.0,0.1725,0.0,0.0,56.0,0.0,100.0
516,45.157127,30.814077,0.0,0.68,0.0,0.17125,0.0,0.0,56.0,0.0,100.0
517,45.157127,30.814077,0.0,0.6775,0.0,0.17,0.0,0.0,56.0,0.0,100.0
518,45.157127,30.814077,0.0,0.67375,0.0,0.17,0.0,0.0,56.0,0.0,100.0
519,44.89714,30.814077,0.0,0.67,0.0,0.16875,0.0,0.0,56.0,0.0,100.0
520,44.50898,29.991068,0.0,0.6675,0.0,0.1675,0.0,0.0,56.0,0.0,100.0
521,44.355965,29.786165,0.0,0.66375,0.0,0.1675,0.0,0.0,56.0,0.0,100.0
522,44.07239,28.654863,0.0,0.66,0.0,0.16625,0.0,0.0,56.0,0.0,100.0
523,43.83654,27.112997,0.0,0.6575,0.0,0.165,0.0,0.0,56.0,0.0,100.0
524,44.06077,25.70076,0.0,0.65375,0.0,0.165,0.0,0.0,56.0,0.0,100.0
525,44.24423,24.545292,0.0,0.65,0.0,0.16375,0.0,0.0,56.0,0.0,100.0
526,44.480923,23.267086,0.0,0.6475,0.0,0.1625,0.0,0.0,56.0,0.0,100.0
527,44.717613,21.988882,0.0,0.64375,0.0,0.1625,0.0,0.0,56.0,0.0,100.0
528,44.980873,20.583397,0.0,0.64125,0.0,0.16125,0.0,0.0,56.0,0.0,100.0
529,45.17998,19.433455,0.0,0.6375,0.0,0.16,0.0,0.0,56.0,0.0,100.0
530,45.179996,18.657682,0.0,0.635,0.0,0.16,0.0,0.0,56.0,0.0,100.0
531,45.179996,18.442816,0.0,0.63125,0.0,0.15875,0.0,0.0,56.0,0.0,100.0
532,45.760807,17.439648,0.0,0.62875,0.0,0.1575,0.0,0.0,56.0,0.0,100.0
533,46.531723,17.321215,0.0,0.625,0.0,0.1575,0.0,0.0,56.0,0.0,100.0
534,47.361897,16.496851,0.0,0.6225,0.8,0.15625,0.0,0.0,56.0,0.0,100.0
535,47.770206,16.818808,0.0,0.61875,0.79625,0.15625,0.0,0.0,156.0,0.0,100.0